id,schema_name,score,gold_masked_text,predicted_masked_text,normalized_gold,normalized_predicted
a_account_number_001,account_number,0,房東太太您好，我剛剛已經把這個月的房租轉過去了，麻煩您查收一下，我的郵局帳號末五碼是[account_number]，完整的帳號是[account_number]。,房東太太您好，我剛剛已經把這個月的房租轉過去了，麻煩您查收一下，我的郵局帳號末五碼是[secret]，完整的帳號是[account_number]。,房東太太您好，我剛剛已經把這個月的房租轉過去了，麻煩您查收一下，我的郵局帳號末五碼是[account_number]，完整的帳號是[account_number]。,房東太太您好，我剛剛已經把這個月的房租轉過去了，麻煩您查收一下，我的郵局帳號末五碼是[secret]，完整的帳號是[account_number]。
a_account_number_002,account_number,1,客服您好，我在網站上刷卡一直失敗，我的卡號是[account_number]，到期日是[private_date]，能不能幫我查一下是什麼問題？,客服您好，我在網站上刷卡一直失敗，我的卡號是[account_number]，到期日是[private_date]，能不能幫我查一下是什麼問題？,客服您好，我在網站上刷卡一直失敗，我的卡號是[account_number]，到期日是[private_date]，能不能幫我查一下是什麼問題？,客服您好，我在網站上刷卡一直失敗，我的卡號是[account_number]，到期日是[private_date]，能不能幫我查一下是什麼問題？
a_account_number_003,account_number,1,助教你好，我是財金系大三的[private_person]，我的學號是[account_number]，想請問期中考請假的話，補考時間是哪一天？,助教你好，我是財金系大三的[private_person]，我的學號是[account_number]，想請問期中考請假的話，補考時間是哪一天？,助教你好，我是財金系大三的[private_person]，我的學號是[account_number]，想請問期中考請假的話，補考時間是哪一天？,助教你好，我是財金系大三的[private_person]，我的學號是[account_number]，想請問期中考請假的話，補考時間是哪一天？
a_account_number_004,account_number,1,IT部門您好，我是行銷部的[private_person]，員工編號[account_number]，我忘記了ERP系統的登入密碼，再麻煩協助重置。,IT部門您好，我是行銷部的 [private_person]，員工編號 [account_number]，我忘記了ERP系統的登入密碼，再麻煩協助重置。,IT部門您好，我是行銷部的[private_person]，員工編號[account_number]，我忘記了ERP系統的登入密碼，再麻煩協助重置。,IT部門您好，我是行銷部的[private_person]，員工編號[account_number]，我忘記了ERP系統的登入密碼，再麻煩協助重置。
a_account_number_005,account_number,1,理賠專員您好，我要申請上週車禍的醫療理賠，我的保單號碼是[account_number]，相關的診斷證明跟收據已經寄到您的信箱了。,理賠專員您好，我要申請上週車禍的醫療理賠，我的保單號碼是[account_number]，相關的診斷證明跟收據已經寄到您的信箱了。,理賠專員您好，我要申請上週車禍的醫療理賠，我的保單號碼是[account_number]，相關的診斷證明跟收據已經寄到您的信箱了。,理賠專員您好，我要申請上週車禍的醫療理賠，我的保單號碼是[account_number]，相關的診斷證明跟收據已經寄到您的信箱了。
a_account_number_006,account_number,1,你好，退款的部分請幫我匯到中國信託，代碼822，帳號是[account_number]，戶名是[private_person]，謝謝。,你好，退款的部分請幫我匯到中國信託，代碼822，帳號是[account_number]，戶名是[private_person]，謝謝。,你好，退款的部分請幫我匯到中國信託，代碼822，帳號是[account_number]，戶名是[private_person]，謝謝。,你好，退款的部分請幫我匯到中國信託，代碼822，帳號是[account_number]，戶名是[private_person]，謝謝。
a_account_number_007,account_number,1,警察先生，我剛剛收到一筆刷卡通知但我根本沒消費，我的富邦信用卡號[account_number]好像被盜刷了，背面的末三碼是[secret]。,警察先生，我剛剛收到一筆刷卡通知但我根本沒消費，我的富邦信用卡號[account_number]好像被盜刷了，背面的末三碼是[secret]。,警察先生，我剛剛收到一筆刷卡通知但我根本沒消費，我的富邦信用卡號[account_number]好像被盜刷了，背面的末三碼是[secret]。,警察先生，我剛剛收到一筆刷卡通知但我根本沒消費，我的富邦信用卡號[account_number]好像被盜刷了，背面的末三碼是[secret]。
a_account_number_008,account_number,1,圖書館櫃檯您好，我昨天借的書好像沒刷到條碼，我是歷史系的[private_person]，學號[account_number]，可以幫我確認一下借閱紀錄嗎？,圖書館櫃檯您好，我昨天借的書好像沒刷到條碼，我是歷史系的[private_person]，學號[account_number]，可以幫我確認一下借閱紀錄嗎？,圖書館櫃檯您好，我昨天借的書好像沒刷到條碼，我是歷史系的[private_person]，學號[account_number]，可以幫我確認一下借閱紀錄嗎？,圖書館櫃檯您好，我昨天借的書好像沒刷到條碼，我是歷史系的[private_person]，學號[account_number]，可以幫我確認一下借閱紀錄嗎？
a_account_number_009,account_number,0,人事室您好，我要申請[private_date]的特別休假，我是業務三課的[private_person]，工號是[account_number]，假單已經送出去了。,人事室您好，我要申請下週三的特別休假，我是業務三課的[private_person]，工號是[account_number]，假單已經送出去了。,人事室您好，我要申請[private_date]的特別休假，我是業務三課的[private_person]，工號是[account_number]，假單已經送出去了。,人事室您好，我要申請下週三的特別休假，我是業務三課的[private_person]，工號是[account_number]，假單已經送出去了。
a_account_number_010,account_number,1,您好，因為我搬家了，想要更改保單的通訊地址，我的南山人壽保單號碼是[account_number]，新地址是[private_address]。,您好，因為我搬家了，想要更改保單的通訊地址，我的南山人壽保單號碼是[account_number]，新地址是[private_address]。,您好，因為我搬家了，想要更改保單的通訊地址，我的南山人壽保單號碼是[account_number]，新地址是[private_address]。,您好，因為我搬家了，想要更改保單的通訊地址，我的南山人壽保單號碼是[account_number]，新地址是[private_address]。
a_account_number_011,account_number,1,老闆好，這是我的薪轉帳戶資料，玉山銀行七賢分行，帳號是[account_number]，如果有缺什麼資料再跟我說。,老闆好，這是我的薪轉帳戶資料，玉山銀行七賢分行，帳號是[account_number]，如果有缺什麼資料再跟我說。,老闆好，這是我的薪轉帳戶資料，玉山銀行七賢分行，帳號是[account_number]，如果有缺什麼資料再跟我說。,老闆好，這是我的薪轉帳戶資料，玉山銀行七賢分行，帳號是[account_number]，如果有缺什麼資料再跟我說。
a_account_number_012,account_number,1,你好，我想取消下個月的健身房訂閱，當初綁定的信用卡是台新狗狗卡，卡號[account_number]，麻煩幫我處理退訂。,你好，我想取消下個月的健身房訂閱，當初綁定的信用卡是台新狗狗卡，卡號[account_number]，麻煩幫我處理退訂。,你好，我想取消下個月的健身房訂閱，當初綁定的信用卡是台新狗狗卡，卡號[account_number]，麻煩幫我處理退訂。,你好，我想取消下個月的健身房訂閱，當初綁定的信用卡是台新狗狗卡，卡號[account_number]，麻煩幫我處理退訂。
a_account_number_013,account_number,0,社長好！我想加入吉他社，我是今年剛入學的新生，名字是[private_person]，學號是[account_number]，我的LINE ID是[private_url]。,社長好！我想加入吉他社，我是今年剛入學的新生，名字是[private_person]，學號是[account_number]，我的LINE ID是[private_email]。,社長好！我想加入吉他社，我是今年剛入學的新生，名字是[private_person]，學號是[account_number]，我的LINEID是[private_url]。,社長好！我想加入吉他社，我是今年剛入學的新生，名字是[private_person]，學號是[account_number]，我的LINEID是[private_email]。
a_account_number_014,account_number,1,會計部您好，這是上個月去新竹出差的高鐵票根跟計程車收據，我是研發部的[private_person]，員編[account_number]，請幫我辦理核銷。,會計部您好，這是上個月去新竹出差的高鐵票根跟計程車收據，我是研發部的[private_person]，員編[account_number]，請幫我辦理核銷。,會計部您好，這是上個月去新竹出差的高鐵票根跟計程車收據，我是研發部的[private_person]，員編[account_number]，請幫我辦理核銷。,會計部您好，這是上個月去新竹出差的高鐵票根跟計程車收據，我是研發部的[private_person]，員編[account_number]，請幫我辦理核銷。
a_account_number_015,account_number,0,富邦產險客服您好，我想查詢我的防疫險理賠進度，我的身分證字號是[account_number]，保單號碼是[account_number]。,富邦產險客服您好，我想查詢我的防疫險理賠進度，我的身分證字號是[private_id]，保單號碼是[account_number]。,富邦產險客服您好，我想查詢我的防疫險理賠進度，我的身分證字號是[account_number]，保單號碼是[account_number]。,富邦產險客服您好，我想查詢我的防疫險理賠進度，我的身分證字號是[private_id]，保單號碼是[account_number]。
a_account_number_016,account_number,1,大家昨天的聚餐費用是一人650元喔！請匯款到我的台新Richart帳戶，帳號[account_number]，匯完再跟我說一聲。,大家昨天的聚餐費用是一人650元喔！請匯款到我的台新Richart帳戶，帳號[account_number]，匯完再跟我說一聲。,大家昨天的聚餐費用是一人650元喔！請匯款到我的台新Richart帳戶，帳號[account_number]，匯完再跟我說一聲。,大家昨天的聚餐費用是一人650元喔！請匯款到我的台新Richart帳戶，帳號[account_number]，匯完再跟我說一聲。
a_account_number_017,account_number,1,您好，我想要預訂[private_date]的雙人房，我用國泰世華的信用卡付訂金，卡號是[account_number]，授權碼是[secret]。,您好，我想要預訂[private_date]的雙人房，我用國泰世華的信用卡付訂金，卡號是[account_number]，授權碼是[secret]。,您好，我想要預訂[private_date]的雙人房，我用國泰世華的信用卡付訂金，卡號是[account_number]，授權碼是[secret]。,您好，我想要預訂[private_date]的雙人房，我用國泰世華的信用卡付訂金，卡號是[account_number]，授權碼是[secret]。
a_account_number_018,account_number,1,同學你好，我剛剛在綜合大樓的二樓女廁撿到你的學生證，看上面的學號是[account_number]，我幫你拿去生輔組的失物招領處了。,同學你好，我剛剛在綜合大樓的二樓女廁撿到你的學生證，看上面的學號是[account_number]，我幫你拿去生輔組的失物招領處了。,同學你好，我剛剛在綜合大樓的二樓女廁撿到你的學生證，看上面的學號是[account_number]，我幫你拿去生輔組的失物招領處了。,同學你好，我剛剛在綜合大樓的二樓女廁撿到你的學生證，看上面的學號是[account_number]，我幫你拿去生輔組的失物招領處了。
a_account_number_019,account_number,0,警衛大哥早安，我不小心把門禁卡忘在[private_address]的家裡了，我是企劃部的人員，員編[account_number]，可以幫我開個臨時卡嗎？,警衛大哥早安，我不小心把門禁卡忘在新北市[private_address]的家裡了，我是企劃部的人員，員編[account_number]，可以幫我開個臨時卡嗎？,警衛大哥早安，我不小心把門禁卡忘在[private_address]的家裡了，我是企劃部的人員，員編[account_number]，可以幫我開個臨時卡嗎？,警衛大哥早安，我不小心把門禁卡忘在新北市[private_address]的家裡了，我是企劃部的人員，員編[account_number]，可以幫我開個臨時卡嗎？
a_account_number_020,account_number,1,我要辦理變更受益人，這份國泰人壽的保單號碼是[account_number]，新的受益人是我的兒子[private_person]。,我要辦理變更受益人，這份國泰人壽的保單號碼是[account_number]，新的受益人是我的兒子[private_person]。,我要辦理變更受益人，這份國泰人壽的保單號碼是[account_number]，新的受益人是我的兒子[private_person]。,我要辦理變更受益人，這份國泰人壽的保單號碼是[account_number]，新的受益人是我的兒子[private_person]。
a_private_address_001,private_address,1,麻煩幫我把包裹寄到 [private_address]，收件人是 [private_person]，電話 [private_phone]。,麻煩幫我把包裹寄到 [private_address]，收件人是 [private_person]，電話 [private_phone]。,麻煩幫我把包裹寄到[private_address]，收件人是[private_person]，電話[private_phone]。,麻煩幫我把包裹寄到[private_address]，收件人是[private_person]，電話[private_phone]。
a_private_address_002,private_address,1,您好，我要更改信用卡的帳單地址，新的地址是 [private_address]，再麻煩客服協助處理。,您好，我要更改信用卡的帳單地址，新的地址是 [private_address]，再麻煩客服協助處理。,您好，我要更改信用卡的帳單地址，新的地址是[private_address]，再麻煩客服協助處理。,您好，我要更改信用卡的帳單地址，新的地址是[private_address]，再麻煩客服協助處理。
a_private_address_003,private_address,1,請問這個黑貓宅急便有送山區嗎？我的收件地址在 [private_address]。,請問這個黑貓宅急便有送山區嗎？我的收件地址在 [private_address]。,請問這個黑貓宅急便有送山區嗎？我的收件地址在[private_address]。,請問這個黑貓宅急便有送山區嗎？我的收件地址在[private_address]。
a_private_address_004,private_address,0,老闆你好，請問寄到 [private_address] 運費要加多少錢？如果加 LINE ID [private_url] 可以免運嗎？,老闆你好，請問寄到 [private_address] 運費要加多少錢？如果加 LINE ID [private_email] 可以免運嗎？,老闆你好，請問寄到[private_address]運費要加多少錢？如果加LINEID[private_url]可以免運嗎？,老闆你好，請問寄到[private_address]運費要加多少錢？如果加LINEID[private_email]可以免運嗎？
a_private_address_005,private_address,1,國外網購的收件地址我填寫 [private_address]，不知道郵差看不看得懂？,國外網購的收件地址我填寫 [private_address]，不知道郵差看不看得懂？,國外網購的收件地址我填寫[private_address]，不知道郵差看不看得懂？,國外網購的收件地址我填寫[private_address]，不知道郵差看不看得懂？
a_private_address_006,private_address,0,房東您好，租賃契約上的戶籍地址請幫我寫 [private_address]，我的身分證字號是 [account_number]。,房東您好，租賃契約上的戶籍地址請幫我寫 [private_address]，我的身分證字號是 [secret]。,房東您好，租賃契約上的戶籍地址請幫我寫[private_address]，我的身分證字號是[account_number]。,房東您好，租賃契約上的戶籍地址請幫我寫[private_address]，我的身分證字號是[secret]。
a_private_address_007,private_address,1,我剛辦完戶籍遷出，現在戶籍地已經改成 [private_address] 了，請問這樣還符合補助資格嗎？,我剛辦完戶籍遷出，現在戶籍地已經改成 [private_address] 了，請問這樣還符合補助資格嗎？,我剛辦完戶籍遷出，現在戶籍地已經改成[private_address]了，請問這樣還符合補助資格嗎？,我剛辦完戶籍遷出，現在戶籍地已經改成[private_address]了，請問這樣還符合補助資格嗎？
a_private_address_008,private_address,1,我們這次馬祖包車旅遊的接送地點在 [private_address] 的民宿，預計 [private_date] 早上出發。,我們這次馬祖包車旅遊的接送地點在 [private_address] 的民宿，預計 [private_date] 早上出發。,我們這次馬祖包車旅遊的接送地點在[private_address]的民宿，預計[private_date]早上出發。,我們這次馬祖包車旅遊的接送地點在[private_address]的民宿，預計[private_date]早上出發。
a_private_address_009,private_address,1,護理師你好，初診單我填好了，我的聯絡地址是 [private_address]，預約看診日是 [private_date]。,護理師你好，初診單我填好了，我的聯絡地址是 [private_address]，預約看診日是 [private_date]。,護理師你好，初診單我填好了，我的聯絡地址是[private_address]，預約看診日是[private_date]。,護理師你好，初診單我填好了，我的聯絡地址是[private_address]，預約看診日是[private_date]。
a_private_address_010,private_address,0,警察先生我要報案，我家地址是 [private_address]，門口剛剛停了一台車牌 ABC-1234 的機車擋住出入。,警察先生我要報案，我家地址是 [private_address]，門口剛剛停了一台車牌 [secret] 的機車擋住出入。,警察先生我要報案，我家地址是[private_address]，門口剛剛停了一台車牌ABC-1234的機車擋住出入。,警察先生我要報案，我家地址是[private_address]，門口剛剛停了一台車牌[secret]的機車擋住出入。
a_private_address_011,private_address,1,外送員你好，我點的餐請幫我放在 [private_address] 的鞋櫃上，到了不用打 [private_phone] 給我，謝謝。,外送員你好，我點的餐請幫我放在 [private_address] 的鞋櫃上，到了不用打 [private_phone] 給我，謝謝。,外送員你好，我點的餐請幫我放在[private_address]的鞋櫃上，到了不用打[private_phone]給我，謝謝。,外送員你好，我點的餐請幫我放在[private_address]的鞋櫃上，到了不用打[private_phone]給我，謝謝。
a_private_address_012,private_address,1,申請書上的現居地址我填 [private_address]，公司統編是 [account_number]。,申請書上的現居地址我填 [private_address]，公司統編是 [account_number]。,申請書上的現居地址我填[private_address]，公司統編是[account_number]。,申請書上的現居地址我填[private_address]，公司統編是[account_number]。
a_private_address_013,private_address,1,面試官您好，我的通訊地址是 [private_address]，如果有錄取通知請寄到我的信箱 [private_email]。,面試官您好，我的通訊地址是 [private_address]，如果有錄取通知請寄到我的信箱 [private_email]。,面試官您好，我的通訊地址是[private_address]，如果有錄取通知請寄到我的信箱[private_email]。,面試官您好，我的通訊地址是[private_address]，如果有錄取通知請寄到我的信箱[private_email]。
a_private_address_014,private_address,1,台電客服您好，我要補單，用電地址是 [private_address]，請問電費最晚什麼時候要繳？,台電客服您好，我要補單，用電地址是 [private_address]，請問電費最晚什麼時候要繳？,台電客服您好，我要補單，用電地址是[private_address]，請問電費最晚什麼時候要繳？,台電客服您好，我要補單，用電地址是[private_address]，請問電費最晚什麼時候要繳？
a_private_address_015,private_address,0,鄉民揪團的衣服我匯款了，郵寄地址是 [private_address]，我的 PTT 帳號是 kaohsiung_king。,鄉民揪團的衣服我匯款了，郵寄地址是 [private_address]，我的 PTT 帳號是 [private_person]。,鄉民揪團的衣服我匯款了，郵寄地址是[private_address]，我的PTT帳號是kaohsiung_king。,鄉民揪團的衣服我匯款了，郵寄地址是[private_address]，我的PTT帳號是[private_person]。
a_private_address_016,private_address,1,為了申請外商銀行的帳戶，我把英文戶籍地址翻譯成 [private_address]。,為了申請外商銀行的帳戶，我把英文戶籍地址翻譯成 [private_address]。,為了申請外商銀行的帳戶，我把英文戶籍地址翻譯成[private_address]。,為了申請外商銀行的帳戶，我把英文戶籍地址翻譯成[private_address]。
a_private_address_017,private_address,1,我在 [private_date] 訂的商品到現在都沒收到！送貨地址明明就寫 [private_address]，請幫我查一下進度。,我在 [private_date] 訂的商品到現在都沒收到！送貨地址明明就寫 [private_address]，請幫我查一下進度。,我在[private_date]訂的商品到現在都沒收到！送貨地址明明就寫[private_address]，請幫我查一下進度。,我在[private_date]訂的商品到現在都沒收到！送貨地址明明就寫[private_address]，請幫我查一下進度。
a_private_address_018,private_address,1,申辦光世代網路要填寫裝機地址，請幫我設定在 [private_address]，我們家的戶號是 [account_number]。,申辦光世代網路要填寫裝機地址，請幫我設定在 [private_address]，我們家的戶號是 [account_number]。,申辦光世代網路要填寫裝機地址，請幫我設定在[private_address]，我們家的戶號是[account_number]。,申辦光世代網路要填寫裝機地址，請幫我設定在[private_address]，我們家的戶號是[account_number]。
a_private_address_019,private_address,1,您好，我想訂閱一年的科學人雜誌，每期的雜誌請幫我寄到 [private_address] 的社區管理室代收。,您好，我想訂閱一年的科學人雜誌，每期的雜誌請幫我寄到 [private_address] 的社區管理室代收。,您好，我想訂閱一年的科學人雜誌，每期的雜誌請幫我寄到[private_address]的社區管理室代收。,您好，我想訂閱一年的科學人雜誌，每期的雜誌請幫我寄到[private_address]的社區管理室代收。
a_private_address_020,private_address,1,1999市民專線您好，我是 [private_person]，我要檢舉我家 [private_address] 騎樓長期有違規停車擋住出入。,1999市民專線您好，我是 [private_person]，我要檢舉我家 [private_address] 騎樓長期有違規停車擋住出入。,1999市民專線您好，我是[private_person]，我要檢舉我家[private_address]騎樓長期有違規停車擋住出入。,1999市民專線您好，我是[private_person]，我要檢舉我家[private_address]騎樓長期有違規停車擋住出入。
a_private_date_001,private_date,1,醫師你好，我阿嬤[private_person]的出生年月日是[private_date]，這她的健保卡號[account_number]，麻煩幫她掛號。,醫師你好，我阿嬤[private_person]的出生年月日是[private_date]，這她的健保卡號[account_number]，麻煩幫她掛號。,醫師你好，我阿嬤[private_person]的出生年月日是[private_date]，這她的健保卡號[account_number]，麻煩幫她掛號。,醫師你好，我阿嬤[private_person]的出生年月日是[private_date]，這她的健保卡號[account_number]，麻煩幫她掛號。
a_private_date_002,private_date,1,HR 您好，我是[private_person]，我確認可以接受貴公司的 offer，預計[private_date]報到，再麻煩將入職指南寄到我的信箱 [private_email]。,HR 您好，我是[private_person]，我確認可以接受貴公司的 offer，預計[private_date]報到，再麻煩將入職指南寄到我的信箱 [private_email]。,HR您好，我是[private_person]，我確認可以接受貴公司的offer，預計[private_date]報到，再麻煩將入職指南寄到我的信箱[private_email]。,HR您好，我是[private_person]，我確認可以接受貴公司的offer，預計[private_date]報到，再麻煩將入職指南寄到我的信箱[private_email]。
a_private_date_003,private_date,0,客服您好，我要查詢這期帳單，身分證字號是[account_number]，生日是[private_date]，對，手機號碼一樣是這支。,客服您好，我要查詢這期帳單，身分證字號是[secret]，生日是[private_date]，對，手機號碼一樣是這支。,客服您好，我要查詢這期帳單，身分證字號是[account_number]，生日是[private_date]，對，手機號碼一樣是這支。,客服您好，我要查詢這期帳單，身分證字號是[secret]，生日是[private_date]，對，手機號碼一樣是這支。
a_private_date_004,private_date,0,警察先生我要報案，我在[private_date]下午三點左右在路口被一輛車牌ABC-5678的休旅車擦撞，這是我的聯絡電話[private_phone]。,警察先生我要報案，我在[private_date]下午三點左右在路口被一輛車牌[secret]的休旅車擦撞，這是我的聯絡電話[private_phone]。,警察先生我要報案，我在[private_date]下午三點左右在路口被一輛車牌ABC-5678的休旅車擦撞，這是我的聯絡電話[private_phone]。,警察先生我要報案，我在[private_date]下午三點左右在路口被一輛車牌[secret]的休旅車擦撞，這是我的聯絡電話[private_phone]。
a_private_date_005,private_date,1,房東太太你好，我是看房的[private_person]，我們決定租了，希望起租日押在[private_date]，合約寄到[private_address]。,房東太太你好，我是看房的[private_person]，我們決定租了，希望起租日押在[private_date]，合約寄到[private_address]。,房東太太你好，我是看房的[private_person]，我們決定租了，希望起租日押在[private_date]，合約寄到[private_address]。,房東太太你好，我是看房的[private_person]，我們決定租了，希望起租日押在[private_date]，合約寄到[private_address]。
a_private_date_006,private_date,0,您好，我要掛失信用卡，卡號末四碼是[account_number]，持卡人是我本人，生日是[private_date]，請幫我停卡。,您好，我要掛失信用卡，卡號末四碼是4321，持卡人是我本人，生日是[private_date]，請幫我停卡。,您好，我要掛失信用卡，卡號末四碼是[account_number]，持卡人是我本人，生日是[private_date]，請幫我停卡。,您好，我要掛失信用卡，卡號末四碼是4321，持卡人是我本人，生日是[private_date]，請幫我停卡。
a_private_date_007,private_date,1,系辦你好，我是企管三的[private_person]，學號[account_number]，因為家裡有急事需要請假，請假期間為[private_date]到[private_date]。,系辦你好，我是企管三的[private_person]，學號[account_number]，因為家裡有急事需要請假，請假期間為[private_date]到[private_date]。,系辦你好，我是企管三的[private_person]，學號[account_number]，因為家裡有急事需要請假，請假期間為[private_date]到[private_date]。,系辦你好，我是企管三的[private_person]，學號[account_number]，因為家裡有急事需要請假，請假期間為[private_date]到[private_date]。
a_private_date_008,private_date,0,老師您好，我想算紫微斗數，我的農曆生日是[private_date]早上六點生，算好之後麻煩加我的 LINE ID：[private_url] 通知我。,老師您好，我想算紫微斗數，我的農曆生日是[private_date]早上六點生，算好之後麻煩加我的 LINE ID：[private_email] 通知我。,老師您好，我想算紫微斗數，我的農曆生日是[private_date]早上六點生，算好之後麻煩加我的LINEID：[private_url]通知我。,老師您好，我想算紫微斗數，我的農曆生日是[private_date]早上六點生，算好之後麻煩加我的LINEID：[private_email]通知我。
a_private_date_009,private_date,1,理賠專員您好，我要申請意外險理賠，保單號碼[account_number]，事故發生日期是[private_date]，相關醫療收據我已經準備好了。,理賠專員您好，我要申請意外險理賠，保單號碼[account_number]，事故發生日期是[private_date]，相關醫療收據我已經準備好了。,理賠專員您好，我要申請意外險理賠，保單號碼[account_number]，事故發生日期是[private_date]，相關醫療收據我已經準備好了。,理賠專員您好，我要申請意外險理賠，保單號碼[account_number]，事故發生日期是[private_date]，相關醫療收據我已經準備好了。
a_private_date_010,private_date,0,司機大哥你好，我今天不在家，包裹可以改到[private_date]再送嗎？到時候直接打我手機[private_phone]。,司機大哥你好，我今天不在家，包裹可以改到本週五[private_date]再送嗎？到時候直接打我手機[private_phone]。,司機大哥你好，我今天不在家，包裹可以改到[private_date]再送嗎？到時候直接打我手機[private_phone]。,司機大哥你好，我今天不在家，包裹可以改到本週五[private_date]再送嗎？到時候直接打我手機[private_phone]。
a_private_date_011,private_date,1,承辦人你好，我要申請戶籍謄本，戶號是[account_number]，戶長是[private_person]，出生日期[private_date]，請問這樣資料齊全嗎？,承辦人你好，我要申請戶籍謄本，戶號是[account_number]，戶長是[private_person]，出生日期[private_date]，請問這樣資料齊全嗎？,承辦人你好，我要申請戶籍謄本，戶號是[account_number]，戶長是[private_person]，出生日期[private_date]，請問這樣資料齊全嗎？,承辦人你好，我要申請戶籍謄本，戶號是[account_number]，戶長是[private_person]，出生日期[private_date]，請問這樣資料齊全嗎？
a_private_date_012,private_date,1,診所您好，我是[private_person]，我有預約[private_date]下午兩點洗牙，因為臨時要開會想改成下下週，請問還有空檔嗎？,診所您好，我是[private_person]，我有預約[private_date]下午兩點洗牙，因為臨時要開會想改成下下週，請問還有空檔嗎？,診所您好，我是[private_person]，我有預約[private_date]下午兩點洗牙，因為臨時要開會想改成下下週，請問還有空檔嗎？,診所您好，我是[private_person]，我有預約[private_date]下午兩點洗牙，因為臨時要開會想改成下下週，請問還有空檔嗎？
a_private_date_013,private_date,0,報告連長，二兵[private_person]，兵籍號碼[account_number]，預計於[private_date]入營報到，懇請核准喪假申請。,報告連長，二兵王[private_person]，兵籍號碼[account_number]，預計於[private_date]入營報到，懇請核准喪假申請。,報告連長，二兵[private_person]，兵籍號碼[account_number]，預計於[private_date]入營報到，懇請核准喪假申請。,報告連長，二兵王[private_person]，兵籍號碼[account_number]，預計於[private_date]入營報到，懇請核准喪假申請。
a_private_date_014,private_date,1,客服您好，退款麻煩匯到我的台新銀行帳號[account_number]，我是[private_date]收到商品的，還在七天鑑賞期內。,客服您好，退款麻煩匯到我的台新銀行帳號[account_number]，我是[private_date]收到商品的，還在七天鑑賞期內。,客服您好，退款麻煩匯到我的台新銀行帳號[account_number]，我是[private_date]收到商品的，還在七天鑑賞期內。,客服您好，退款麻煩匯到我的台新銀行帳號[account_number]，我是[private_date]收到商品的，還在七天鑑賞期內。
a_private_date_015,private_date,0,旅行社你好，我要確認機票開票資料，我的護照號碼是[account_number]，護照效期到[private_date]，再麻煩幫我確認有沒有拼錯。,旅行社你好，我要確認機票開票資料，我的護照號碼是[secret]，護照效期到[private_date]，再麻煩幫我確認有沒有拼錯。,旅行社你好，我要確認機票開票資料，我的護照號碼是[account_number]，護照效期到[private_date]，再麻煩幫我確認有沒有拼錯。,旅行社你好，我要確認機票開票資料，我的護照號碼是[secret]，護照效期到[private_date]，再麻煩幫我確認有沒有拼錯。
a_private_date_016,private_date,0,請問有版友也是[private_date]的嗎？我最近想轉職，可以站內信聊聊，我的 PTT 帳號是happyboy80，希望可以交流一下科技業的面試經驗。,請問有版友也是80年次的嗎？我最近想轉職，可以站內信聊聊，我的 PTT 帳號是[secret]，希望可以交流一下科技業的面試經驗。,請問有版友也是[private_date]的嗎？我最近想轉職，可以站內信聊聊，我的PTT帳號是happyboy80，希望可以交流一下科技業的面試經驗。,請問有版友也是80年次的嗎？我最近想轉職，可以站內信聊聊，我的PTT帳號是[secret]，希望可以交流一下科技業的面試經驗。
a_private_date_017,private_date,0,您好，我是[private_person]，醫事人員字號[account_number]，我的執業執照預計在[private_date]到期，想詢問換發的流程。,您好，我是[private_person]，醫事人員字號[secret]，我的執業執照預計在[private_date]到期，想詢問換發的流程。,您好，我是[private_person]，醫事人員字號[account_number]，我的執業執照預計在[private_date]到期，想詢問換發的流程。,您好，我是[private_person]，醫事人員字號[secret]，我的執業執照預計在[private_date]到期，想詢問換發的流程。
a_private_date_018,private_date,1,中華電信你好，我要辦理寬頻網路移機，新地址在[private_address]，希望工程師可以在[private_date]來牽線。,中華電信你好，我要辦理寬頻網路移機，新地址在[private_address]，希望工程師可以在[private_date]來牽線。,中華電信你好，我要辦理寬頻網路移機，新地址在[private_address]，希望工程師可以在[private_date]來牽線。,中華電信你好，我要辦理寬頻網路移機，新地址在[private_address]，希望工程師可以在[private_date]來牽線。
a_private_date_019,private_date,1,拓元客服您好，我剛剛買演唱會門票刷卡失敗，但銀行有傳 OTP 密碼[secret]給我，請問我這樣有算在[private_date]的優先購票資格內嗎？,拓元客服您好，我剛剛買演唱會門票刷卡失敗，但銀行有傳 OTP 密碼[secret]給我，請問我這樣有算在[private_date]的優先購票資格內嗎？,拓元客服您好，我剛剛買演唱會門票刷卡失敗，但銀行有傳OTP密碼[secret]給我，請問我這樣有算在[private_date]的優先購票資格內嗎？,拓元客服您好，我剛剛買演唱會門票刷卡失敗，但銀行有傳OTP密碼[secret]給我，請問我這樣有算在[private_date]的優先購票資格內嗎？
a_private_date_020,private_date,0,監理站您好，我要查詢交通違規罰單，我的駕照號碼是[account_number]，違規日期大約是[private_date]左右，請問要在哪裡繳納？,監理站您好，我要查詢交通違規罰單，我的駕照號碼是[secret]，違規日期大約是[private_date]左右，請問要在哪裡繳納？,監理站您好，我要查詢交通違規罰單，我的駕照號碼是[account_number]，違規日期大約是[private_date]左右，請問要在哪裡繳納？,監理站您好，我要查詢交通違規罰單，我的駕照號碼是[secret]，違規日期大約是[private_date]左右，請問要在哪裡繳納？
a_private_email_001,private_email,1,您好，我在填寫訂單時好像把信箱打錯了，可以幫我改成 [private_email] 嗎？不然我收不到電子發票，謝謝！,您好，我在填寫訂單時好像把信箱打錯了，可以幫我改成 [private_email] 嗎？不然我收不到電子發票，謝謝！,您好，我在填寫訂單時好像把信箱打錯了，可以幫我改成[private_email]嗎？不然我收不到電子發票，謝謝！,您好，我在填寫訂單時好像把信箱打錯了，可以幫我改成[private_email]嗎？不然我收不到電子發票，謝謝！
a_private_email_002,private_email,1,經理您好，這是我的履歷表，若有面試機會再麻煩您寄信至 [private_email]，或撥打我的手機 [private_phone]，感激不盡。,經理您好，這是我的履歷表，若有面試機會再麻煩您寄信至 [private_email]，或撥打我的手機 [private_phone]，感激不盡。,經理您好，這是我的履歷表，若有面試機會再麻煩您寄信至[private_email]，或撥打我的手機[private_phone]，感激不盡。,經理您好，這是我的履歷表，若有面試機會再麻煩您寄信至[private_email]，或撥打我的手機[private_phone]，感激不盡。
a_private_email_003,private_email,1,助教好，我是歷史系的[private_person]，學號是 [account_number]，期中考請假證明已經從我的信箱 [private_email] 寄出，請查收。,助教好，我是歷史系的[private_person]，學號是 [account_number]，期中考請假證明已經從我的信箱 [private_email] 寄出，請查收。,助教好，我是歷史系的[private_person]，學號是[account_number]，期中考請假證明已經從我的信箱[private_email]寄出，請查收。,助教好，我是歷史系的[private_person]，學號是[account_number]，期中考請假證明已經從我的信箱[private_email]寄出，請查收。
a_private_email_004,private_email,1,承辦人您好，我剛才用自然人憑證報稅失敗，出現錯誤碼，請再把解決步驟寄到我的備用信箱 [private_email]。,承辦人您好，我剛才用自然人憑證報稅失敗，出現錯誤碼，請再把解決步驟寄到我的備用信箱 [private_email]。,承辦人您好，我剛才用自然人憑證報稅失敗，出現錯誤碼，請再把解決步驟寄到我的備用信箱[private_email]。,承辦人您好，我剛才用自然人憑證報稅失敗，出現錯誤碼，請再把解決步驟寄到我的備用信箱[private_email]。
a_private_email_005,private_email,1,房東太太，租賃契約的電子檔請寄到 [private_email]，我確認過沒問題就會把押金轉過去。,房東太太，租賃契約的電子檔請寄到 [private_email]，我確認過沒問題就會把押金轉過去。,房東太太，租賃契約的電子檔請寄到[private_email]，我確認過沒問題就會把押金轉過去。,房東太太，租賃契約的電子檔請寄到[private_email]，我確認過沒問題就會把押金轉過去。
a_private_email_006,private_email,1,護理師你好，請問我的健檢報告可以直接寄電子檔給我就好嗎？我的 email 是 [private_email]，就不用再跑一趟醫院了。,護理師你好，請問我的健檢報告可以直接寄電子檔給我就好嗎？我的 email 是 [private_email]，就不用再跑一趟醫院了。,護理師你好，請問我的健檢報告可以直接寄電子檔給我就好嗎？我的email是[private_email]，就不用再跑一趟醫院了。,護理師你好，請問我的健檢報告可以直接寄電子檔給我就好嗎？我的email是[private_email]，就不用再跑一趟醫院了。
a_private_email_007,private_email,1,客服你好，我要更改信用卡帳單寄送的電子郵件，新的信箱是 [private_email]，麻煩幫我更新。,客服你好，我要更改信用卡帳單寄送的電子郵件，新的信箱是 [private_email]，麻煩幫我更新。,客服你好，我要更改信用卡帳單寄送的電子郵件，新的信箱是[private_email]，麻煩幫我更新。,客服你好，我要更改信用卡帳單寄送的電子郵件，新的信箱是[private_email]，麻煩幫我更新。
a_private_email_008,private_email,0,這是我們公司採購部[private_person]的聯絡方式，報價單請直接寄給他：[private_email]，有問題也可以加他的 LINE：[private_url]。,這是我們公司採購部[private_person]的聯絡方式，報價單請直接寄給他：[private_email]，有問題也可以加他的 LINE：[secret]。,這是我們公司採購部[private_person]的聯絡方式，報價單請直接寄給他：[private_email]，有問題也可以加他的LINE：[private_url]。,這是我們公司採購部[private_person]的聯絡方式，報價單請直接寄給他：[private_email]，有問題也可以加他的LINE：[secret]。
a_private_email_009,private_email,1,員警您好，我剛剛已經把被詐騙的對話紀錄截圖，全都寄到分局的信箱了，我是用 [private_email] 這個帳號寄的。,員警您好，我剛剛已經把被詐騙的對話紀錄截圖，全都寄到分局的信箱了，我是用 [private_email] 這個帳號寄的。,員警您好，我剛剛已經把被詐騙的對話紀錄截圖，全都寄到分局的信箱了，我是用[private_email]這個帳號寄的。,員警您好，我剛剛已經把被詐騙的對話紀錄截圖，全都寄到分局的信箱了，我是用[private_email]這個帳號寄的。
a_private_email_010,private_email,1,申辦光世代網路的合約書我已經簽好名了，如果還有缺什麼證件，請寄信到 [private_email] 通知我。,申辦光世代網路的合約書我已經簽好名了，如果還有缺什麼證件，請寄信到 [private_email] 通知我。,申辦光世代網路的合約書我已經簽好名了，如果還有缺什麼證件，請寄信到[private_email]通知我。,申辦光世代網路的合約書我已經簽好名了，如果還有缺什麼證件，請寄信到[private_email]通知我。
a_private_email_011,private_email,0,嗨，我是剛剛在二手板跟你買 switch 的鄉民，我的 PTT 帳號是 nintendofan99，遊戲序號再麻煩寄到 [private_email] 喔！,嗨，我是剛剛在二手板跟你買 switch 的鄉民，我的 PTT 帳號是 [private_person]，遊戲序號再麻煩寄到 [private_email] 喔！,嗨，我是剛剛在二手板跟你買switch的鄉民，我的PTT帳號是nintendofan99，遊戲序號再麻煩寄到[private_email]喔！,嗨，我是剛剛在二手板跟你買switch的鄉民，我的PTT帳號是[private_person]，遊戲序號再麻煩寄到[private_email]喔！
a_private_email_012,private_email,1,報名表上的緊急聯絡人我填我太太[private_person]，她的聯絡信箱是 [private_email]，手機號碼是 [private_phone]。,報名表上的緊急聯絡人我填我太太[private_person]，她的聯絡信箱是 [private_email]，手機號碼是 [private_phone]。,報名表上的緊急聯絡人我填我太太[private_person]，她的聯絡信箱是[private_email]，手機號碼是[private_phone]。,報名表上的緊急聯絡人我填我太太[private_person]，她的聯絡信箱是[private_email]，手機號碼是[private_phone]。
a_private_email_013,private_email,1,理賠專員您好，車禍的初判表和醫療收據我都準備好了，請把理賠申請書的 PDF 檔寄到 [private_email] 給我列印。,理賠專員您好，車禍的初判表和醫療收據我都準備好了，請把理賠申請書的 PDF 檔寄到 [private_email] 給我列印。,理賠專員您好，車禍的初判表和醫療收據我都準備好了，請把理賠申請書的PDF檔寄到[private_email]給我列印。,理賠專員您好，車禍的初判表和醫療收據我都準備好了，請把理賠申請書的PDF檔寄到[private_email]給我列印。
a_private_email_014,private_email,1,您好，我是區公所的[private_person]，這份公文的附件太大傳不過去，請改寄到我的公務信箱 [private_email]。,您好，我是區公所的[private_person]，這份公文的附件太大傳不過去，請改寄到我的公務信箱 [private_email]。,您好，我是區公所的[private_person]，這份公文的附件太大傳不過去，請改寄到我的公務信箱[private_email]。,您好，我是區公所的[private_person]，這份公文的附件太大傳不過去，請改寄到我的公務信箱[private_email]。
a_private_email_015,private_email,1,你們物流到底在搞什麼？等了三天包裹都沒來，麻煩查明原因後回覆到我的信箱 [private_email]，我不想一直打電話浪費電話費！,你們物流到底在搞什麼？等了三天包裹都沒來，麻煩查明原因後回覆到我的信箱 [private_email]，我不想一直打電話浪費電話費！,你們物流到底在搞什麼？等了三天包裹都沒來，麻煩查明原因後回覆到我的信箱[private_email]，我不想一直打電話浪費電話費！,你們物流到底在搞什麼？等了三天包裹都沒來，麻煩查明原因後回覆到我的信箱[private_email]，我不想一直打電話浪費電話費！
a_private_email_016,private_email,0,客服您好，我的遊戲帳號忘記密碼了，綁定的身分證是 [account_number]，請把密碼重置信寄到當初註冊的 [private_email]。,客服您好，我的遊戲帳號忘記密碼了，綁定的身分證是 [secret]，請把密碼重置信寄到當初註冊的 [private_email]。,客服您好，我的遊戲帳號忘記密碼了，綁定的身分證是[account_number]，請把密碼重置信寄到當初註冊的[private_email]。,客服您好，我的遊戲帳號忘記密碼了，綁定的身分證是[secret]，請把密碼重置信寄到當初註冊的[private_email]。
a_private_email_017,private_email,1,我要取消下個月的健身房會籍，當初留的會員信箱是 [private_email]，請確認取消後寄一封通知信給我。,我要取消下個月的健身房會籍，當初留的會員信箱是 [private_email]，請確認取消後寄一封通知信給我。,我要取消下個月的健身房會籍，當初留的會員信箱是[private_email]，請確認取消後寄一封通知信給我。,我要取消下個月的健身房會籍，當初留的會員信箱是[private_email]，請確認取消後寄一封通知信給我。
a_private_email_018,private_email,1,房仲你好，我對昨天看的那間信義區三房很有興趣，產權說明書跟格局圖可以先寄到 [private_email] 讓我參考嗎？,房仲你好，我對昨天看的那間信義區三房很有興趣，產權說明書跟格局圖可以先寄到 [private_email] 讓我參考嗎？,房仲你好，我對昨天看的那間信義區三房很有興趣，產權說明書跟格局圖可以先寄到[private_email]讓我參考嗎？,房仲你好，我對昨天看的那間信義區三房很有興趣，產權說明書跟格局圖可以先寄到[private_email]讓我參考嗎？
a_private_email_019,private_email,1,請問圖書館的逾期罰款可以線上刷卡嗎？因為我一直沒收到通知，後來才發現它跑到 [private_email] 的垃圾信件匣了。,請問圖書館的逾期罰款可以線上刷卡嗎？因為我一直沒收到通知，後來才發現它跑到 [private_email] 的垃圾信件匣了。,請問圖書館的逾期罰款可以線上刷卡嗎？因為我一直沒收到通知，後來才發現它跑到[private_email]的垃圾信件匣了。,請問圖書館的逾期罰款可以線上刷卡嗎？因為我一直沒收到通知，後來才發現它跑到[private_email]的垃圾信件匣了。
a_private_email_020,private_email,0,因為颱風班機被取消，我想改票到明天下午的長榮航班，確認信請寄到 [private_email]，護照號碼是 [account_number]。,因為颱風班機被取消，我想改票到明天下午的長榮航班，確認信請寄到 [private_email]，護照號碼是 [secret]。,因為颱風班機被取消，我想改票到明天下午的長榮航班，確認信請寄到[private_email]，護照號碼是[account_number]。,因為颱風班機被取消，我想改票到明天下午的長榮航班，確認信請寄到[private_email]，護照號碼是[secret]。
a_private_person_001,private_person,1,您好，我是[private_person]，昨天有在104投遞貴公司的軟體工程師職缺，想詢問面試進度，我的聯絡電話是[private_phone]。,您好，我是[private_person]，昨天有在104投遞貴公司的軟體工程師職缺，想詢問面試進度，我的聯絡電話是[private_phone]。,您好，我是[private_person]，昨天有在104投遞貴公司的軟體工程師職缺，想詢問面試進度，我的聯絡電話是[private_phone]。,您好，我是[private_person]，昨天有在104投遞貴公司的軟體工程師職缺，想詢問面試進度，我的聯絡電話是[private_phone]。
a_private_person_002,private_person,1,麻煩幫我把包裹寄到[private_address]，收件人填[private_person]就可以了。,麻煩幫我把包裹寄到[private_address]，收件人填[private_person]就可以了。,麻煩幫我把包裹寄到[private_address]，收件人填[private_person]就可以了。,麻煩幫我把包裹寄到[private_address]，收件人填[private_person]就可以了。
a_private_person_003,private_person,1,請問是客服中心嗎？我是[private_person]，我上週辦理的寬頻網路到現在都還沒來裝機，可以幫我查一下嗎？,請問是客服中心嗎？我是[private_person]，我上週辦理的寬頻網路到現在都還沒來裝機，可以幫我查一下嗎？,請問是客服中心嗎？我是[private_person]，我上週辦理的寬頻網路到現在都還沒來裝機，可以幫我查一下嗎？,請問是客服中心嗎？我是[private_person]，我上週辦理的寬頻網路到現在都還沒來裝機，可以幫我查一下嗎？
a_private_person_004,private_person,1,房東你好，我是[private_person]，這個月的房租已經匯過去了，帳號末五碼是[account_number]，再麻煩確認一下。,房東你好，我是[private_person]，這個月的房租已經匯過去了，帳號末五碼是[account_number]，再麻煩確認一下。,房東你好，我是[private_person]，這個月的房租已經匯過去了，帳號末五碼是[account_number]，再麻煩確認一下。,房東你好，我是[private_person]，這個月的房租已經匯過去了，帳號末五碼是[account_number]，再麻煩確認一下。
a_private_person_005,private_person,0,關於那筆保單退款，[private_person]已經在[private_date]臨櫃辦理完畢了，保單號碼是[account_number]。,關於那筆保單退款，[private_person]先生已經在[private_date]臨櫃辦理完畢了，保單號碼是[account_number]。,關於那筆保單退款，[private_person]已經在[private_date]臨櫃辦理完畢了，保單號碼是[account_number]。,關於那筆保單退款，[private_person]先生已經在[private_date]臨櫃辦理完畢了，保單號碼是[account_number]。
a_private_person_006,private_person,0,護理師您好，我要幫[private_person]掛號，她的身分證字號是[account_number]，初診表我已經填好了。,護理師您好，我要幫[private_person]掛號，她的身分證字號是[secret]，初診表我已經填好了。,護理師您好，我要幫[private_person]掛號，她的身分證字號是[account_number]，初診表我已經填好了。,護理師您好，我要幫[private_person]掛號，她的身分證字號是[secret]，初診表我已經填好了。
a_private_person_007,private_person,1,這是原民會補助的申請表，申請人請填寫羅馬拼音的傳統姓名，像我是填[private_person]，然後附上戶籍謄本。,這是原民會補助的申請表，申請人請填寫羅馬拼音的傳統姓名，像我是填[private_person]，然後附上戶籍謄本。,這是原民會補助的申請表，申請人請填寫羅馬拼音的傳統姓名，像我是填[private_person]，然後附上戶籍謄本。,這是原民會補助的申請表，申請人請填寫羅馬拼音的傳統姓名，像我是填[private_person]，然後附上戶籍謄本。
a_private_person_008,private_person,1,請問一下，[private_person]的健保卡是不是掉在你們診所？卡號是[account_number]，如果有我們晚點過去拿。,請問一下，[private_person]的健保卡是不是掉在你們診所？卡號是[account_number]，如果有我們晚點過去拿。,請問一下，[private_person]的健保卡是不是掉在你們診所？卡號是[account_number]，如果有我們晚點過去拿。,請問一下，[private_person]的健保卡是不是掉在你們診所？卡號是[account_number]，如果有我們晚點過去拿。
a_private_person_009,private_person,1,信用卡授權書上的英文姓名必須和護照相同，請確認填寫的是[private_person]，否則銀行會退件。,信用卡授權書上的英文姓名必須和護照相同，請確認填寫的是[private_person]，否則銀行會退件。,信用卡授權書上的英文姓名必須和護照相同，請確認填寫的是[private_person]，否則銀行會退件。,信用卡授權書上的英文姓名必須和護照相同，請確認填寫的是[private_person]，否則銀行會退件。
a_private_person_010,private_person,1,您好，我是[private_person]，之前有致電詢問過退稅的流程，想確認我的文件是否已經審核通過。,您好，我是[private_person]，之前有致電詢問過退稅的流程，想確認我的文件是否已經審核通過。,您好，我是[private_person]，之前有致電詢問過退稅的流程，想確認我的文件是否已經審核通過。,您好，我是[private_person]，之前有致電詢問過退稅的流程，想確認我的文件是否已經審核通過。
a_private_person_011,private_person,1,這次出差的機票已經訂好了，乘客名單有[private_person]和[private_person]，電子機票會寄到你們信箱。,這次出差的機票已經訂好了，乘客名單有[private_person]和[private_person]，電子機票會寄到你們信箱。,這次出差的機票已經訂好了，乘客名單有[private_person]和[private_person]，電子機票會寄到你們信箱。,這次出差的機票已經訂好了，乘客名單有[private_person]和[private_person]，電子機票會寄到你們信箱。
a_private_person_012,private_person,0,昨天下午去看診的時候，[private_person]非常的親切，解說病情也很詳細，真的很感謝他。,昨天下午去看診的時候，[private_person]醫師非常的親切，解說病情也很詳細，真的很感謝他。,昨天下午去看診的時候，[private_person]非常的親切，解說病情也很詳細，真的很感謝他。,昨天下午去看診的時候，[private_person]醫師非常的親切，解說病情也很詳細，真的很感謝他。
a_private_person_013,private_person,0,你好，我要找[private_person]，請問他現在在辦公室嗎？我們社區的監視器好像壞掉了需要報修。,你好，我要找[private_person]里長，請問他現在在辦公室嗎？我們社區的監視器好像壞掉了需要報修。,你好，我要找[private_person]，請問他現在在辦公室嗎？我們社區的監視器好像壞掉了需要報修。,你好，我要找[private_person]里長，請問他現在在辦公室嗎？我們社區的監視器好像壞掉了需要報修。
a_private_person_014,private_person,0,這份專案企劃書已經給[private_person]過目了，她的醫事人員字號是[account_number]，確認符合申請資格。,這份專案企劃書已經給[private_person]教授過目了，她的醫事人員字號是[secret]，確認符合申請資格。,這份專案企劃書已經給[private_person]過目了，她的醫事人員字號是[account_number]，確認符合申請資格。,這份專案企劃書已經給[private_person]教授過目了，她的醫事人員字號是[secret]，確認符合申請資格。
a_private_person_015,private_person,0,警察先生您好，我是[private_person]，我的車牌ABC-1234剛剛在停車場被別人擦撞了，想要報案。,警察先生您好，我是[private_person]先生，我的車牌[account_number]剛剛在停車場被別人擦撞了，想要報案。,警察先生您好，我是[private_person]，我的車牌ABC-1234剛剛在停車場被別人擦撞了，想要報案。,警察先生您好，我是[private_person]先生，我的車牌[account_number]剛剛在停車場被別人擦撞了，想要報案。
a_private_person_016,private_person,0,你可以直接加我的LINE，ID是[private_url]，跟[private_person]確認好簽約時間再跟我說。,你可以直接加我的LINE，ID是[@private_id]，跟[private_person]確認好簽約時間再跟我說。,你可以直接加我的LINE，ID是[private_url]，跟[private_person]確認好簽約時間再跟我說。,你可以直接加我的LINE，ID是[@private_id]，跟[private_person]確認好簽約時間再跟我說。
a_private_person_017,private_person,0,我在PTT的帳號是a1234567，昨天有發文問過租屋的問題，[private_person]有寄站內信給我提供資訊。,我在PTT的帳號是[account_number]，昨天有發文問過租屋的問題，[private_person]有寄站內信給我提供資訊。,我在PTT的帳號是a1234567，昨天有發文問過租屋的問題，[private_person]有寄站內信給我提供資訊。,我在PTT的帳號是[account_number]，昨天有發文問過租屋的問題，[private_person]有寄站內信給我提供資訊。
a_private_person_018,private_person,1,那個包裹的收件人寫[private_person]，但電話號碼留的是[private_phone]，這應該是市話吧，物流司機會打不通。,那個包裹的收件人寫[private_person]，但電話號碼留的是[private_phone]，這應該是市話吧，物流司機會打不通。,那個包裹的收件人寫[private_person]，但電話號碼留的是[private_phone]，這應該是市話吧，物流司機會打不通。,那個包裹的收件人寫[private_person]，但電話號碼留的是[private_phone]，這應該是市話吧，物流司機會打不通。
a_private_person_019,private_person,1,報稅系統登入需要輸入戶號，[private_person]的戶口名簿戶號是[account_number]，你幫我輸入一下。,報稅系統登入需要輸入戶號，[private_person]的戶口名簿戶號是[account_number]，你幫我輸入一下。,報稅系統登入需要輸入戶號，[private_person]的戶口名簿戶號是[account_number]，你幫我輸入一下。,報稅系統登入需要輸入戶號，[private_person]的戶口名簿戶號是[account_number]，你幫我輸入一下。
a_private_person_020,private_person,0,麻煩將電子發票開立給統編[account_number]，聯絡人請填[private_person]，電子郵件是[private_email]。,麻煩將電子發票開立給統編[account_number]，聯絡人請填[private_person]經理，電子郵件是[private_email]。,麻煩將電子發票開立給統編[account_number]，聯絡人請填[private_person]，電子郵件是[private_email]。,麻煩將電子發票開立給統編[account_number]，聯絡人請填[private_person]經理，電子郵件是[private_email]。
a_private_phone_001,private_phone,1,你好，這裡是黑貓宅急便，請問[private_person]在家嗎？我剛剛打你的手機 [private_phone] 沒人接。,你好，這裡是黑貓宅急便，請問[private_person]在家嗎？我剛剛打你的手機 [private_phone] 沒人接。,你好，這裡是黑貓宅急便，請問[private_person]在家嗎？我剛剛打你的手機[private_phone]沒人接。,你好，這裡是黑貓宅急便，請問[private_person]在家嗎？我剛剛打你的手機[private_phone]沒人接。
a_private_phone_002,private_phone,1,護理師您好，我想幫我女兒預約掛號，初診的話可以留我的聯絡電話 [private_phone] 嗎？,護理師您好，我想幫我女兒預約掛號，初診的話可以留我的聯絡電話 [private_phone] 嗎？,護理師您好，我想幫我女兒預約掛號，初診的話可以留我的聯絡電話[private_phone]嗎？,護理師您好，我想幫我女兒預約掛號，初診的話可以留我的聯絡電話[private_phone]嗎？
a_private_phone_003,private_phone,1,房東太太你好，我是剛剛看房的[private_person]，如果確定要租的話，請打這支市話 [private_phone] 找我。,房東太太你好，我是剛剛看房的[private_person]，如果確定要租的話，請打這支市話 [private_phone] 找我。,房東太太你好，我是剛剛看房的[private_person]，如果確定要租的話，請打這支市話[private_phone]找我。,房東太太你好，我是剛剛看房的[private_person]，如果確定要租的話，請打這支市話[private_phone]找我。
a_private_phone_004,private_phone,0,客服您好，我剛打 0800-000-123 都忙線，我的信用卡號是 [account_number]，掛失後請聯絡 [private_phone]。,客服您好，我剛打 [private_phone] 都忙線，我的信用卡號是 [account_number]，掛失後請聯絡 [private_phone]。,客服您好，我剛打0800-000-123都忙線，我的信用卡號是[account_number]，掛失後請聯絡[private_phone]。,客服您好，我剛打[private_phone]都忙線，我的信用卡號是[account_number]，掛失後請聯絡[private_phone]。
a_private_phone_005,private_phone,1,您好，這是我投遞應徵行銷企劃的履歷，有任何面試通知請寄到 [private_email] 或撥打 [private_phone]。,您好，這是我投遞應徵行銷企劃的履歷，有任何面試通知請寄到 [private_email] 或撥打 [private_phone]。,您好，這是我投遞應徵行銷企劃的履歷，有任何面試通知請寄到[private_email]或撥打[private_phone]。,您好，這是我投遞應徵行銷企劃的履歷，有任何面試通知請寄到[private_email]或撥打[private_phone]。
a_private_phone_006,private_phone,1,我收到蝦皮買的衣服了但尺寸不合，退貨單上的聯絡人是填[private_person]，電話留 [private_phone] 對嗎？,我收到蝦皮買的衣服了但尺寸不合，退貨單上的聯絡人是填[private_person]，電話留 [private_phone] 對嗎？,我收到蝦皮買的衣服了但尺寸不合，退貨單上的聯絡人是填[private_person]，電話留[private_phone]對嗎？,我收到蝦皮買的衣服了但尺寸不合，退貨單上的聯絡人是填[private_person]，電話留[private_phone]對嗎？
a_private_phone_007,private_phone,0,警察先生我要報案，剛剛在路口有一台車牌 ABC-1234 的車肇事逃逸，我的聯絡電話是 [private_phone]。,警察先生我要報案，剛剛在路口有一台車牌 [account_number] 的車肇事逃逸，我的聯絡電話是 [private_phone]。,警察先生我要報案，剛剛在路口有一台車牌ABC-1234的車肇事逃逸，我的聯絡電話是[private_phone]。,警察先生我要報案，剛剛在路口有一台車牌[account_number]的車肇事逃逸，我的聯絡電話是[private_phone]。
a_private_phone_008,private_phone,1,中華電信您好，我要申請市話移機，新地址是[private_address]，請聯絡我先生的手機 [private_phone]。,中華電信您好，我要申請市話移機，新地址是[private_address]，請聯絡我先生的手機 [private_phone]。,中華電信您好，我要申請市話移機，新地址是[private_address]，請聯絡我先生的手機[private_phone]。,中華電信您好，我要申請市話移機，新地址是[private_address]，請聯絡我先生的手機[private_phone]。
a_private_phone_009,private_phone,1,老闆娘我要訂明晚六點的八人包廂，我姓[private_person]，電話是 [private_phone]，麻煩幫我排靠窗的位置。,老闆娘我要訂明晚六點的八人包廂，我姓[private_person]，電話是 [private_phone]，麻煩幫我排靠窗的位置。,老闆娘我要訂明晚六點的八人包廂，我姓[private_person]，電話是[private_phone]，麻煩幫我排靠窗的位置。,老闆娘我要訂明晚六點的八人包廂，我姓[private_person]，電話是[private_phone]，麻煩幫我排靠窗的位置。
a_private_phone_010,private_phone,1,老師您好，我是[private_person]的媽媽，他今天發燒要請假，如果有急事可以打家裡電話 [private_phone] 找我。,老師您好，我是[private_person]的媽媽，他今天發燒要請假，如果有急事可以打家裡電話 [private_phone] 找我。,老師您好，我是[private_person]的媽媽，他今天發燒要請假，如果有急事可以打家裡電話[private_phone]找我。,老師您好，我是[private_person]的媽媽，他今天發燒要請假，如果有急事可以打家裡電話[private_phone]找我。
a_private_phone_011,private_phone,1,理賠專員您好，我的保單號碼是 [account_number]，如果有缺漏的文件請打 [private_phone] 通知我補件。,理賠專員您好，我的保單號碼是 [account_number]，如果有缺漏的文件請打 [private_phone] 通知我補件。,理賠專員您好，我的保單號碼是[account_number]，如果有缺漏的文件請打[private_phone]通知我補件。,理賠專員您好，我的保單號碼是[account_number]，如果有缺漏的文件請打[private_phone]通知我補件。
a_private_phone_012,private_phone,1,工程師您好，我的筆電開不了機，維修單號是 [account_number]，修好的話可以打 [private_phone] 叫我去拿嗎？,工程師您好，我的筆電開不了機，維修單號是 [account_number]，修好的話可以打 [private_phone] 叫我去拿嗎？,工程師您好，我的筆電開不了機，維修單號是[account_number]，修好的話可以打[private_phone]叫我去拿嗎？,工程師您好，我的筆電開不了機，維修單號是[account_number]，修好的話可以打[private_phone]叫我去拿嗎？
a_private_phone_013,private_phone,0,信義房屋的[private_person]你好，我對那間三房兩廳有興趣，可以加我的 LINE [private_url] 或打 [private_phone] 跟我約看屋嗎？,信義房屋的[private_person]你好，我對那間三房兩廳有興趣，可以加我的 LINE [secret] 或打 [private_phone] 跟我約看屋嗎？,信義房屋的[private_person]你好，我對那間三房兩廳有興趣，可以加我的LINE[private_url]或打[private_phone]跟我約看屋嗎？,信義房屋的[private_person]你好，我對那間三房兩廳有興趣，可以加我的LINE[secret]或打[private_phone]跟我約看屋嗎？
a_private_phone_014,private_phone,0,您好，我要查詢[private_date]的健檢報告，我的身分證字號是 [account_number]，當初留的電話是 [private_phone]。,您好，我要查詢民國[private_date]的健檢報告，我的身分證字號是 [secret]，當初留的電話是 [private_phone]。,您好，我要查詢[private_date]的健檢報告，我的身分證字號是[account_number]，當初留的電話是[private_phone]。,您好，我要查詢民國[private_date]的健檢報告，我的身分證字號是[secret]，當初留的電話是[private_phone]。
a_private_phone_015,private_phone,1,保養廠老闆你好，我的車子冷氣不冷，明天早上牽過去給你看，你可以打 [private_phone] 跟我報價嗎？,保養廠老闆你好，我的車子冷氣不冷，明天早上牽過去給你看，你可以打 [private_phone] 跟我報價嗎？,保養廠老闆你好，我的車子冷氣不冷，明天早上牽過去給你看，你可以打[private_phone]跟我報價嗎？,保養廠老闆你好，我的車子冷氣不冷，明天早上牽過去給你看，你可以打[private_phone]跟我報價嗎？
a_private_phone_016,private_phone,1,國稅局您好，我要詢問房屋稅的問題，稅籍編號是 [account_number]，如果有需要本人說明的可以打 [private_phone]。,國稅局您好，我要詢問房屋稅的問題，稅籍編號是 [account_number]，如果有需要本人說明的可以打 [private_phone]。,國稅局您好，我要詢問房屋稅的問題，稅籍編號是[account_number]，如果有需要本人說明的可以打[private_phone]。,國稅局您好，我要詢問房屋稅的問題，稅籍編號是[account_number]，如果有需要本人說明的可以打[private_phone]。
a_private_phone_017,private_phone,1,好市多客服您好，我要更改會員資料，把原本的市話改成手機 [private_phone]，這樣才收得到簡訊。,好市多客服您好，我要更改會員資料，把原本的市話改成手機 [private_phone]，這樣才收得到簡訊。,好市多客服您好，我要更改會員資料，把原本的市話改成手機[private_phone]，這樣才收得到簡訊。,好市多客服您好，我要更改會員資料，把原本的市話改成手機[private_phone]，這樣才收得到簡訊。
a_private_phone_018,private_phone,1,台鐵失物招領處您好，我昨天在自強號上掉了一個黑色錢包，如果有人撿到請打 [private_phone] 聯絡我，萬分感謝。,台鐵失物招領處您好，我昨天在自強號上掉了一個黑色錢包，如果有人撿到請打 [private_phone] 聯絡我，萬分感謝。,台鐵失物招領處您好，我昨天在自強號上掉了一個黑色錢包，如果有人撿到請打[private_phone]聯絡我，萬分感謝。,台鐵失物招領處您好，我昨天在自強號上掉了一個黑色錢包，如果有人撿到請打[private_phone]聯絡我，萬分感謝。
a_private_phone_019,private_phone,1,填寫這份問卷就有機會抽中最新款手機喔！請留下您的真實姓名[private_person]與聯絡電話 [private_phone] 以利中獎通知。,填寫這份問卷就有機會抽中最新款手機喔！請留下您的真實姓名[private_person]與聯絡電話 [private_phone] 以利中獎通知。,填寫這份問卷就有機會抽中最新款手機喔！請留下您的真實姓名[private_person]與聯絡電話[private_phone]以利中獎通知。,填寫這份問卷就有機會抽中最新款手機喔！請留下您的真實姓名[private_person]與聯絡電話[private_phone]以利中獎通知。
a_private_phone_020,private_phone,1,醫生你好，我們家狗狗今天拉肚子，我下午會帶牠過去看診，我的聯絡號碼是 [private_phone]，請問需要先預約嗎？,醫生你好，我們家狗狗今天拉肚子，我下午會帶牠過去看診，我的聯絡號碼是 [private_phone]，請問需要先預約嗎？,醫生你好，我們家狗狗今天拉肚子，我下午會帶牠過去看診，我的聯絡號碼是[private_phone]，請問需要先預約嗎？,醫生你好，我們家狗狗今天拉肚子，我下午會帶牠過去看診，我的聯絡號碼是[private_phone]，請問需要先預約嗎？
a_private_url_001,private_url,1,我叫[private_person]，應徵貴公司的行銷專員，這是我過去經營的部落格：[private_url]，裡面有幾篇爆款文章的數據分析。,我叫[private_person]，應徵貴公司的行銷專員，這是我過去經營的部落格：[private_url]，裡面有幾篇爆款文章的數據分析。,我叫[private_person]，應徵貴公司的行銷專員，這是我過去經營的部落格：[private_url]，裡面有幾篇爆款文章的數據分析。,我叫[private_person]，應徵貴公司的行銷專員，這是我過去經營的部落格：[private_url]，裡面有幾篇爆款文章的數據分析。
a_private_url_002,private_url,1,客服您好，我剛剛退貨的單號是[account_number]，商品瑕疵的照片我已經上傳到雲端了，連結是 [private_url]，麻煩確認一下。,客服您好，我剛剛退貨的單號是[account_number]，商品瑕疵的照片我已經上傳到雲端了，連結是 [private_url]，麻煩確認一下。,客服您好，我剛剛退貨的單號是[account_number]，商品瑕疵的照片我已經上傳到雲端了，連結是[private_url]，麻煩確認一下。,客服您好，我剛剛退貨的單號是[account_number]，商品瑕疵的照片我已經上傳到雲端了，連結是[private_url]，麻煩確認一下。
a_private_url_003,private_url,1,廠商您好，我是全職接案的KOL[private_person]，我的IG帳號連結是 [private_url]，如果有保養品合作機會歡迎聯繫我的信箱。,廠商您好，我是全職接案的KOL[private_person]，我的IG帳號連結是 [private_url]，如果有保養品合作機會歡迎聯繫我的信箱。,廠商您好，我是全職接案的KOL[private_person]，我的IG帳號連結是[private_url]，如果有保養品合作機會歡迎聯繫我的信箱。,廠商您好，我是全職接案的KOL[private_person]，我的IG帳號連結是[private_url]，如果有保養品合作機會歡迎聯繫我的信箱。
a_private_url_004,private_url,0,房東太太好，我對您在591上刊登的[private_address]的套房很有興趣，這是我個人的臉書 [private_url]，我沒有養寵物也不抽菸。,房東太太好，我對您在591上刊登的新北市永和區[private_address]的套房很有興趣，這是我個人的臉書 [private_url]，我沒有養寵物也不抽菸。,房東太太好，我對您在591上刊登的[private_address]的套房很有興趣，這是我個人的臉書[private_url]，我沒有養寵物也不抽菸。,房東太太好，我對您在591上刊登的新北市永和區[private_address]的套房很有興趣，這是我個人的臉書[private_url]，我沒有養寵物也不抽菸。
a_private_url_005,private_url,1,理賠專員您好，關於我的車禍醫療收據，診所開的電子收據我放在這個短網址 [private_url]，有需要正本我再寄過去。,理賠專員您好，關於我的車禍醫療收據，診所開的電子收據我放在這個短網址 [private_url]，有需要正本我再寄過去。,理賠專員您好，關於我的車禍醫療收據，診所開的電子收據我放在這個短網址[private_url]，有需要正本我再寄過去。,理賠專員您好，關於我的車禍醫療收據，診所開的電子收據我放在這個短網址[private_url]，有需要正本我再寄過去。
a_private_url_006,private_url,1,你好，這是我接案用的個人網站：[private_url]，裡面有包含UI/UX跟平面設計的作品集，報價單也在裡面可以參考。,你好，這是我接案用的個人網站：[private_url]，裡面有包含UI/UX跟平面設計的作品集，報價單也在裡面可以參考。,你好，這是我接案用的個人網站：[private_url]，裡面有包含UI/UX跟平面設計的作品集，報價單也在裡面可以參考。,你好，這是我接案用的個人網站：[private_url]，裡面有包含UI/UX跟平面設計的作品集，報價單也在裡面可以參考。
a_private_url_007,private_url,1,警察先生，我要報案，這個人在Dcard上發文詐騙，他的個人主頁是 [private_url]，受害者不只我一個。,警察先生，我要報案，這個人在Dcard上發文詐騙，他的個人主頁是 [private_url]，受害者不只我一個。,警察先生，我要報案，這個人在Dcard上發文詐騙，他的個人主頁是[private_url]，受害者不只我一個。,警察先生，我要報案，這個人在Dcard上發文詐騙，他的個人主頁是[private_url]，受害者不只我一個。
a_private_url_008,private_url,1,老闆，我想要訂做客製化蛋糕，這是我朋友的IG [private_url]，我想做一個跟她限動貼出的那一顆一模一樣的，請問這樣大概多少錢？,老闆，我想要訂做客製化蛋糕，這是我朋友的IG [private_url]，我想做一個跟她限動貼出的那一顆一模一樣的，請問這樣大概多少錢？,老闆，我想要訂做客製化蛋糕，這是我朋友的IG[private_url]，我想做一個跟她限動貼出的那一顆一模一樣的，請問這樣大概多少錢？,老闆，我想要訂做客製化蛋糕，這是我朋友的IG[private_url]，我想做一個跟她限動貼出的那一顆一模一樣的，請問這樣大概多少錢？
a_private_url_009,private_url,0,會計師您好，關於今年度申報的勞務報酬單，我把掃描檔整理在這個連結 [private_url]，密碼是我的身分證末四碼加上生日。,會計師您好，關於今年度申報的勞務報酬單，我把掃描檔整理在這個連結 [private_url]，密碼是我的身分證末四碼加上[private_date]。,會計師您好，關於今年度申報的勞務報酬單，我把掃描檔整理在這個連結[private_url]，密碼是我的身分證末四碼加上生日。,會計師您好，關於今年度申報的勞務報酬單，我把掃描檔整理在這個連結[private_url]，密碼是我的身分證末四碼加上[private_date]。
a_private_url_010,private_url,1,你們餐廳的服務態度真的很差！我已經把今天受氣的過程寫在我的痞客邦了 [private_url]，我一定會叫親友都不要去吃！,你們餐廳的服務態度真的很差！我已經把今天受氣的過程寫在我的痞客邦了 [private_url]，我一定會叫親友都不要去吃！,你們餐廳的服務態度真的很差！我已經把今天受氣的過程寫在我的痞客邦了[private_url]，我一定會叫親友都不要去吃！,你們餐廳的服務態度真的很差！我已經把今天受氣的過程寫在我的痞客邦了[private_url]，我一定會叫親友都不要去吃！
a_private_url_011,private_url,1,原PO拍拍，我之前也遇過類似的渣男，你可以看我之前發的這篇避雷文 [private_url]，手法根本一模一樣。,原PO拍拍，我之前也遇過類似的渣男，你可以看我之前發的這篇避雷文 [private_url]，手法根本一模一樣。,原PO拍拍，我之前也遇過類似的渣男，你可以看我之前發的這篇避雷文[private_url]，手法根本一模一樣。,原PO拍拍，我之前也遇過類似的渣男，你可以看我之前發的這篇避雷文[private_url]，手法根本一模一樣。
a_private_url_012,private_url,0,工程師您好，我們公司的系統從[private_date]開始就一直跳出錯誤代碼500，錯誤畫面的截圖我傳到 [private_url]，請幫忙盡快排除。,工程師您好，我們公司的系統從今天早上[private_date]開始就一直跳出錯誤代碼500，錯誤畫面的截圖我傳到 [private_url]，請幫忙盡快排除。,工程師您好，我們公司的系統從[private_date]開始就一直跳出錯誤代碼500，錯誤畫面的截圖我傳到[private_url]，請幫忙盡快排除。,工程師您好，我們公司的系統從今天早上[private_date]開始就一直跳出錯誤代碼500，錯誤畫面的截圖我傳到[private_url]，請幫忙盡快排除。
a_private_url_013,private_url,1,面試官您好，我是應徵前端工程師的[private_person]，這是我用React自己寫的線上履歷 [private_url]，原始碼也有附在裡面。,面試官您好，我是應徵前端工程師的[private_person]，這是我用React自己寫的線上履歷 [private_url]，原始碼也有附在裡面。,面試官您好，我是應徵前端工程師的[private_person]，這是我用React自己寫的線上履歷[private_url]，原始碼也有附在裡面。,面試官您好，我是應徵前端工程師的[private_person]，這是我用React自己寫的線上履歷[private_url]，原始碼也有附在裡面。
a_private_url_014,private_url,1,您好，我要報名週末的二手市集攤位，這是我的個人粉絲專頁 [private_url]，平常主要販售古著跟二手底片相機。,您好，我要報名週末的二手市集攤位，這是我的個人粉絲專頁 [private_url]，平常主要販售古著跟二手底片相機。,您好，我要報名週末的二手市集攤位，這是我的個人粉絲專頁[private_url]，平常主要販售古著跟二手底片相機。,您好，我要報名週末的二手市集攤位，這是我的個人粉絲專頁[private_url]，平常主要販售古著跟二手底片相機。
a_private_url_015,private_url,0,您好，我是車牌ABC-8899的車主，[private_date]在國道被追撞的行車紀錄器影片我已經上傳雲端，連結是 [private_url]，請保險公司確認肇事責任。,您好，我是車牌[secret]的車主，昨天下午在國道被追撞的行車紀錄器影片我已經上傳雲端，連結是 [private_url]，請保險公司確認肇事責任。,您好，我是車牌ABC-8899的車主，[private_date]在國道被追撞的行車紀錄器影片我已經上傳雲端，連結是[private_url]，請保險公司確認肇事責任。,您好，我是車牌[secret]的車主，昨天下午在國道被追撞的行車紀錄器影片我已經上傳雲端，連結是[private_url]，請保險公司確認肇事責任。
a_private_url_016,private_url,1,紅娘你好，我是編號[account_number]的會員，想請你幫我安排跟上次那位女生見面，這是我平常生活照的IG [private_url]，可以先傳給她看。,紅娘你好，我是編號[account_number]的會員，想請你幫我安排跟上次那位女生見面，這是我平常生活照的IG [private_url]，可以先傳給她看。,紅娘你好，我是編號[account_number]的會員，想請你幫我安排跟上次那位女生見面，這是我平常生活照的IG[private_url]，可以先傳給她看。,紅娘你好，我是編號[account_number]的會員，想請你幫我安排跟上次那位女生見面，這是我平常生活照的IG[private_url]，可以先傳給她看。
a_private_url_017,private_url,1,我在你們官網買的洋裝根本跟照片不一樣，色差超嚴重！我拍了對比圖放在 [private_url]，如果不能全額退款我一定會去消基會檢舉。,我在你們官網買的洋裝根本跟照片不一樣，色差超嚴重！我拍了對比圖放在 [private_url]，如果不能全額退款我一定會去消基會檢舉。,我在你們官網買的洋裝根本跟照片不一樣，色差超嚴重！我拍了對比圖放在[private_url]，如果不能全額退款我一定會去消基會檢舉。,我在你們官網買的洋裝根本跟照片不一樣，色差超嚴重！我拍了對比圖放在[private_url]，如果不能全額退款我一定會去消基會檢舉。
a_private_url_018,private_url,0,新人您好，恭喜兩位！我是婚攝[private_person]，我的完整婚禮紀錄作品集可以參考我的個人網站 [private_url]，如果有喜歡這個風格我們再約時間詳談。,新人您好，恭喜兩位！我是婚攝張大智，我的完整婚禮紀錄作品集可以參考我的個人網站 [private_url]，如果有喜歡這個風格我們再約時間詳談。,新人您好，恭喜兩位！我是婚攝[private_person]，我的完整婚禮紀錄作品集可以參考我的個人網站[private_url]，如果有喜歡這個風格我們再約時間詳談。,新人您好，恭喜兩位！我是婚攝張大智，我的完整婚禮紀錄作品集可以參考我的個人網站[private_url]，如果有喜歡這個風格我們再約時間詳談。
a_private_url_019,private_url,0,專員您好，因為信箱附檔容量限制，我把近半年的薪轉存摺封面和內頁明細打包成ZIP檔，下載連結是 [private_url]，解壓縮密碼是我的身分證字號。,專員您好，因為信箱附檔容量限制，我把近半年的薪轉存摺封面和內頁明細打包成ZIP檔，下載連結是 [private_url]，解壓縮密碼是我的 [secret]。,專員您好，因為信箱附檔容量限制，我把近半年的薪轉存摺封面和內頁明細打包成ZIP檔，下載連結是[private_url]，解壓縮密碼是我的身分證字號。,專員您好，因為信箱附檔容量限制，我把近半年的薪轉存摺封面和內頁明細打包成ZIP檔，下載連結是[private_url]，解壓縮密碼是我的[secret]。
a_private_url_020,private_url,1,小編你好，我中了這次中秋節抽獎的二獎，這是我的得獎帳號連結 [private_url]，請問獎品是會直接寄到我的收件地址嗎？,小編你好，我中了這次中秋節抽獎的二獎，這是我的得獎帳號連結 [private_url]，請問獎品是會直接寄到我的收件地址嗎？,小編你好，我中了這次中秋節抽獎的二獎，這是我的得獎帳號連結[private_url]，請問獎品是會直接寄到我的收件地址嗎？,小編你好，我中了這次中秋節抽獎的二獎，這是我的得獎帳號連結[private_url]，請問獎品是會直接寄到我的收件地址嗎？
a_secret_001,secret,1,媽，我剛用你的卡刷了高鐵票，卡號是[account_number]，背面末三碼是[secret]，你等下收一下簡訊OTP。,媽，我剛用你的卡刷了高鐵票，卡號是[account_number]，背面末三碼是[secret]，你等下收一下簡訊OTP。,媽，我剛用你的卡刷了高鐵票，卡號是[account_number]，背面末三碼是[secret]，你等下收一下簡訊OTP。,媽，我剛用你的卡刷了高鐵票，卡號是[account_number]，背面末三碼是[secret]，你等下收一下簡訊OTP。
a_secret_002,secret,1,您好，您剛剛申請的網銀轉帳驗證碼為[secret]，請於三分鐘內輸入，請勿將此密碼告知他人喔。,您好，您剛剛申請的網銀轉帳驗證碼為[secret]，請於三分鐘內輸入，請勿將此密碼告知他人喔。,您好，您剛剛申請的網銀轉帳驗證碼為[secret]，請於三分鐘內輸入，請勿將此密碼告知他人喔。,您好，您剛剛申請的網銀轉帳驗證碼為[secret]，請於三分鐘內輸入，請勿將此密碼告知他人喔。
a_secret_003,secret,0,欸[private_person]，我們家Netflix的密碼改了喔，新密碼是[secret]，你不要再隨便把帳號給別人了。,欸陳大文，我們家Netflix的密碼改了喔，新密碼是[secret]，你不要再隨便把帳號給別人了。,欸[private_person]，我們家Netflix的密碼改了喔，新密碼是[secret]，你不要再隨便把帳號給別人了。,欸陳大文，我們家Netflix的密碼改了喔，新密碼是[secret]，你不要再隨便把帳號給別人了。
a_secret_004,secret,1,綠界金流測試環境的 HashKey 我先放在這裡：[secret]，你今天下班前先拿去把 API 串好。,綠界金流測試環境的 HashKey 我先放在這裡：[secret]，你今天下班前先拿去把 API 串好。,綠界金流測試環境的HashKey我先放在這裡：[secret]，你今天下班前先拿去把API串好。,綠界金流測試環境的HashKey我先放在這裡：[secret]，你今天下班前先拿去把API串好。
a_secret_005,secret,1,客服你好，我用 Postman 測試時發現這串 JWT token [secret] 居然可以直接拿到管理員權限，請盡快修復。,客服你好，我用 Postman 測試時發現這串 JWT token [secret] 居然可以直接拿到管理員權限，請盡快修復。,客服你好，我用Postman測試時發現這串JWTtoken[secret]居然可以直接拿到管理員權限，請盡快修復。,客服你好，我用Postman測試時發現這串JWTtoken[secret]居然可以直接拿到管理員權限，請盡快修復。
a_secret_006,secret,1,我怕忘記，所以把冷錢包的助記詞寫在這：[secret]，這樣應該夠安全了吧？,我怕忘記，所以把冷錢包的助記詞寫在這：[secret]，這樣應該夠安全了吧？,我怕忘記，所以把冷錢包的助記詞寫在這：[secret]，這樣應該夠安全了吧？,我怕忘記，所以把冷錢包的助記詞寫在這：[secret]，這樣應該夠安全了吧？
a_secret_007,secret,0,AWS EC2 的私鑰片段是 [secret]，剩下的我用 LINE 傳給你，你自己組起來連進去看看。,AWS EC2 的私鑰片段是 -----BEGIN RSA PRIVATE KEY----- MIIEowIBAAKCAQEA，剩下的我用 LINE 傳給你，你自己組起來連進去看看。,AWSEC2的私鑰片段是[secret]，剩下的我用LINE傳給你，你自己組起來連進去看看。,AWSEC2的私鑰片段是-----BEGINRSAPRIVATEKEY-----MIIEowIBAAKCAQEA，剩下的我用LINE傳給你，你自己組起來連進去看看。
a_secret_008,secret,0,[private_person]你好，請問 302 號房的 Wi-Fi 密碼是[secret]嗎？我用手機一直連不上，再麻煩確認一下。,林房東你好，請問 302 號房的 Wi-Fi 密碼是[private_phone]嗎？我用手機一直連不上，再麻煩確認一下。,[private_person]你好，請問302號房的Wi-Fi密碼是[secret]嗎？我用手機一直連不上，再麻煩確認一下。,林房東你好，請問302號房的Wi-Fi密碼是[private_phone]嗎？我用手機一直連不上，再麻煩確認一下。
a_secret_009,secret,1,我剛好在加班，蝦皮智取店的取貨驗證碼是[secret]，你下班經過如果看到麻煩順便幫我拿一下包裹。,我剛好在加班，蝦皮智取店的取貨驗證碼是[secret]，你下班經過如果看到麻煩順便幫我拿一下包裹。,我剛好在加班，蝦皮智取店的取貨驗證碼是[secret]，你下班經過如果看到麻煩順便幫我拿一下包裹。,我剛好在加班，蝦皮智取店的取貨驗證碼是[secret]，你下班經過如果看到麻煩順便幫我拿一下包裹。
a_secret_010,secret,1,好的，那電話授權的部分，我的信用卡號是[account_number]，背面的授權碼是[secret]，效期到明年八月。,好的，那電話授權的部分，我的信用卡號是[account_number]，背面的授權碼是[secret]，效期到明年八月。,好的，那電話授權的部分，我的信用卡號是[account_number]，背面的授權碼是[secret]，效期到明年八月。,好的，那電話授權的部分，我的信用卡號是[account_number]，背面的授權碼是[secret]，效期到明年八月。
a_secret_011,secret,1,你好，我是 IT 部門的[private_person]，新進員工的預設開機密碼統一都是 [secret]，登入後請記得立刻修改。,你好，我是 IT 部門的[private_person]，新進員工的預設開機密碼統一都是 [secret]，登入後請記得立刻修改。,你好，我是IT部門的[private_person]，新進員工的預設開機密碼統一都是[secret]，登入後請記得立刻修改。,你好，我是IT部門的[private_person]，新進員工的預設開機密碼統一都是[secret]，登入後請記得立刻修改。
a_secret_012,secret,1,幫我把專案裡 OpenAI 的 API key 換成這組 [secret]，原本那組的免費額度好像快被刷爆了。,幫我把專案裡 OpenAI 的 API key 換成這組 [secret]，原本那組的免費額度好像快被刷爆了。,幫我把專案裡OpenAI的APIkey換成這組[secret]，原本那組的免費額度好像快被刷爆了。,幫我把專案裡OpenAI的APIkey換成這組[secret]，原本那組的免費額度好像快被刷爆了。
a_secret_013,secret,1,健保快易通的登入驗證碼我剛收到了，是 [secret]，你幫我登進去看一下我上週去台大醫院抽血的報告出來了沒。,健保快易通的登入驗證碼我剛收到了，是 [secret]，你幫我登進去看一下我上週去台大醫院抽血的報告出來了沒。,健保快易通的登入驗證碼我剛收到了，是[secret]，你幫我登進去看一下我上週去台大醫院抽血的報告出來了沒。,健保快易通的登入驗證碼我剛收到了，是[secret]，你幫我登進去看一下我上週去台大醫院抽血的報告出來了沒。
a_secret_014,secret,1,測試機資料庫的 root 密碼我暫時先設成 [secret]，請大家千萬不要不小心把設定檔推上 GitHub 喔。,測試機資料庫的 root 密碼我暫時先設成 [secret]，請大家千萬不要不小心把設定檔推上 GitHub 喔。,測試機資料庫的root密碼我暫時先設成[secret]，請大家千萬不要不小心把設定檔推上GitHub喔。,測試機資料庫的root密碼我暫時先設成[secret]，請大家千萬不要不小心把設定檔推上GitHub喔。
a_secret_015,secret,1,綜所稅申報系統的手機認證碼是 [secret]，有效期間只有五分鐘，你趕快輸入進去不然又要重新寄一次。,綜所稅申報系統的手機認證碼是 [secret]，有效期間只有五分鐘，你趕快輸入進去不然又要重新寄一次。,綜所稅申報系統的手機認證碼是[secret]，有效期間只有五分鐘，你趕快輸入進去不然又要重新寄一次。,綜所稅申報系統的手機認證碼是[secret]，有效期間只有五分鐘，你趕快輸入進去不然又要重新寄一次。
a_secret_016,secret,1,兄弟，我的傳說對決帳號密碼是 [secret]，我這週末要去教召，你幫我登進去解一下每日任務。,兄弟，我的傳說對決帳號密碼是 [secret]，我這週末要去教召，你幫我登進去解一下每日任務。,兄弟，我的傳說對決帳號密碼是[secret]，我這週末要去教召，你幫我登進去解一下每日任務。,兄弟，我的傳說對決帳號密碼是[secret]，我這週末要去教召，你幫我登進去解一下每日任務。
a_secret_017,secret,1,客服您好，我在貴站買的吹風機要辦理退刷，當初填的信用卡卡號是[account_number]，末三碼是[secret]。,客服您好，我在貴站買的吹風機要辦理退刷，當初填的信用卡卡號是[account_number]，末三碼是[secret]。,客服您好，我在貴站買的吹風機要辦理退刷，當初填的信用卡卡號是[account_number]，末三碼是[secret]。,客服您好，我在貴站買的吹風機要辦理退刷，當初填的信用卡卡號是[account_number]，末三碼是[secret]。
a_secret_018,secret,1,我剛離開健身房才發現水壺忘在裡面，置物櫃的密碼鎖我設定成 [secret]，如果你還在的話可以幫我拿一下嗎？,我剛離開健身房才發現水壺忘在裡面，置物櫃的密碼鎖我設定成 [secret]，如果你還在的話可以幫我拿一下嗎？,我剛離開健身房才發現水壺忘在裡面，置物櫃的密碼鎖我設定成[secret]，如果你還在的話可以幫我拿一下嗎？,我剛離開健身房才發現水壺忘在裡面，置物櫃的密碼鎖我設定成[secret]，如果你還在的話可以幫我拿一下嗎？
a_secret_019,secret,1,我的手機摔壞了，還好之前有把 Google Authenticator 的備用還原碼存下來，像是 [secret]，這樣我才能登入信箱。,我的手機摔壞了，還好之前有把 Google Authenticator 的備用還原碼存下來，像是 [secret]，這樣我才能登入信箱。,我的手機摔壞了，還好之前有把GoogleAuthenticator的備用還原碼存下來，像是[secret]，這樣我才能登入信箱。,我的手機摔壞了，還好之前有把GoogleAuthenticator的備用還原碼存下來，像是[secret]，這樣我才能登入信箱。
a_secret_020,secret,1,剛剛中華電信傳了市話線上繳費的簡訊動態密碼 [secret] 到我的手機，你用這個密碼登入去幫我把這期帳單繳掉。,剛剛中華電信傳了市話線上繳費的簡訊動態密碼 [secret] 到我的手機，你用這個密碼登入去幫我把這期帳單繳掉。,剛剛中華電信傳了市話線上繳費的簡訊動態密碼[secret]到我的手機，你用這個密碼登入去幫我把這期帳單繳掉。,剛剛中華電信傳了市話線上繳費的簡訊動態密碼[secret]到我的手機，你用這個密碼登入去幫我把這期帳單繳掉。
