id,split,block,category,scenario,text,spans,is_negative,char_length,n_spans,schema_name,schema_description,source_file,text_char_length,masked_text,presidio_spans_json
a_account_number_001,short,A,account_number,,房東太太您好，我剛剛已經把這個月的房租轉過去了，麻煩您查收一下，我的郵局帳號末五碼是05678，完整的帳號是00012340567890。,"[{""start"": 42, ""end"": 47, ""label"": ""account_number"", ""text"": ""05678"", ""expected_model_label"": ""account_number""}, {""start"": 54, ""end"": 68, ""label"": ""account_number"", ""text"": ""00012340567890"", ""expected_model_label"": ""account_number""}]",False,69,2,account_number,銀行帳號、信用卡、學號、員工編號,/data/tw-PII-bench/data/short.parquet,69,房東太太您好，我剛剛已經把這個月的房租轉過去了，麻煩您查收一下，我的郵局帳號末五碼是[account_number]，完整的帳號是[account_number]。,"[{""label"": ""account_number"", ""start"": 42, ""end"": 47, ""text"": ""05678"", ""score"": 0.78}, {""label"": ""account_number"", ""start"": 54, ""end"": 68, ""text"": ""00012340567890"", ""score"": 0.78}]"
a_account_number_002,short,A,account_number,,客服您好，我在網站上刷卡一直失敗，我的卡號是4311-9522-3333-4444，到期日是2027年10月，能不能幫我查一下是什麼問題？,"[{""start"": 22, ""end"": 41, ""label"": ""account_number"", ""text"": ""4311-9522-3333-4444"", ""expected_model_label"": ""account_number""}, {""start"": 46, ""end"": 54, ""label"": ""private_date"", ""text"": ""2027年10月"", ""expected_model_label"": ""private_date""}]",False,69,2,account_number,銀行帳號、信用卡、學號、員工編號,/data/tw-PII-bench/data/short.parquet,69,客服您好，我在網站上刷卡一直失敗，我的卡號是[account_number]，到期日是[private_date]，能不能幫我查一下是什麼問題？,"[{""label"": ""account_number"", ""start"": 22, ""end"": 41, ""text"": ""4311-9522-3333-4444"", ""score"": 0.88}, {""label"": ""private_date"", ""start"": 46, ""end"": 54, ""text"": ""2027年10月"", ""score"": 0.82}]"
a_account_number_003,short,A,account_number,,助教你好，我是財金系大三的陳柏翰，我的學號是B10703012，想請問期中考請假的話，補考時間是哪一天？,"[{""start"": 13, ""end"": 16, ""label"": ""private_person"", ""text"": ""陳柏翰"", ""expected_model_label"": ""private_person""}, {""start"": 22, ""end"": 31, ""label"": ""account_number"", ""text"": ""B10703012"", ""expected_model_label"": ""account_number""}]",False,52,2,account_number,銀行帳號、信用卡、學號、員工編號,/data/tw-PII-bench/data/short.parquet,52,助教你好，我是財金系大三的[private_person]，我的學號是[account_number]，想請問期中考請假的話，補考時間是哪一天？,"[{""label"": ""private_person"", ""start"": 13, ""end"": 16, ""text"": ""陳柏翰"", ""score"": 0.9}, {""label"": ""account_number"", ""start"": 22, ""end"": 31, ""text"": ""B10703012"", ""score"": 0.78}]"
a_account_number_004,short,A,account_number,,IT部門您好，我是行銷部的林雅婷，員工編號MKT-20230511，我忘記了ERP系統的登入密碼，再麻煩協助重置。,"[{""start"": 13, ""end"": 16, ""label"": ""private_person"", ""text"": ""林雅婷"", ""expected_model_label"": ""private_person""}, {""start"": 21, ""end"": 33, ""label"": ""account_number"", ""text"": ""MKT-20230511"", ""expected_model_label"": ""account_number""}]",False,57,2,account_number,銀行帳號、信用卡、學號、員工編號,/data/tw-PII-bench/data/short.parquet,57,IT部門您好，我是行銷部的[private_person]，員工編號MKT-20230511，我忘記了ERP系統的登入密碼，再麻煩協助重置。,"[{""label"": ""private_person"", ""start"": 13, ""end"": 16, ""text"": ""林雅婷"", ""score"": 0.9}]"
a_account_number_005,short,A,account_number,,理賠專員您好，我要申請上週車禍的醫療理賠，我的保單號碼是N987654321，相關的診斷證明跟收據已經寄到您的信箱了。,"[{""start"": 28, ""end"": 38, ""label"": ""account_number"", ""text"": ""N987654321"", ""expected_model_label"": ""account_number""}]",False,59,1,account_number,銀行帳號、信用卡、學號、員工編號,/data/tw-PII-bench/data/short.parquet,59,理賠專員您好，我要申請上週車禍的醫療理賠，我的保單號碼是N987654321，相關的診斷證明跟收據已經寄到您的信箱了。,[]
a_account_number_006,short,A,account_number,,你好，退款的部分請幫我匯到中國信託，代碼822，帳號是123540098765，戶名是黃建宏，謝謝。,"[{""start"": 27, ""end"": 39, ""label"": ""account_number"", ""text"": ""123540098765"", ""expected_model_label"": ""account_number""}, {""start"": 43, ""end"": 46, ""label"": ""private_person"", ""text"": ""黃建宏"", ""expected_model_label"": ""private_person""}]",False,50,2,account_number,銀行帳號、信用卡、學號、員工編號,/data/tw-PII-bench/data/short.parquet,50,你好，退款的部分請幫我匯到中國信託，代碼822，帳號是[account_number]，戶名是[private_person]，謝謝。,"[{""label"": ""account_number"", ""start"": 27, ""end"": 39, ""text"": ""123540098765"", ""score"": 0.78}, {""label"": ""private_person"", ""start"": 43, ""end"": 46, ""text"": ""黃建宏"", ""score"": 0.72}]"
a_account_number_007,short,A,account_number,,警察先生，我剛剛收到一筆刷卡通知但我根本沒消費，我的富邦信用卡號5520-1111-2222-3333好像被盜刷了，背面的末三碼是892。,"[{""start"": 32, ""end"": 51, ""label"": ""account_number"", ""text"": ""5520-1111-2222-3333"", ""expected_model_label"": ""account_number""}, {""start"": 65, ""end"": 68, ""label"": ""secret"", ""text"": ""892"", ""expected_model_label"": ""secret""}]",False,69,2,account_number,銀行帳號、信用卡、學號、員工編號,/data/tw-PII-bench/data/short.parquet,69,警察先生，我剛剛收到一筆刷卡通知但我根本沒消費，我的富邦信用卡號[account_number]好像被盜刷了，背面的末三碼是892。,"[{""label"": ""account_number"", ""start"": 32, ""end"": 51, ""text"": ""5520-1111-2222-3333"", ""score"": 0.88}]"
a_account_number_008,short,A,account_number,,圖書館櫃檯您好，我昨天借的書好像沒刷到條碼，我是歷史系的張嘉玲，學號410041065，可以幫我確認一下借閱紀錄嗎？,"[{""start"": 28, ""end"": 31, ""label"": ""private_person"", ""text"": ""張嘉玲"", ""expected_model_label"": ""private_person""}, {""start"": 34, ""end"": 43, ""label"": ""account_number"", ""text"": ""410041065"", ""expected_model_label"": ""account_number""}]",False,58,2,account_number,銀行帳號、信用卡、學號、員工編號,/data/tw-PII-bench/data/short.parquet,58,圖書館櫃檯您好，我昨天借的書好像沒刷到條碼，我是歷史系的[private_person]，學號[account_number]，可以幫我確認一下借閱紀錄嗎？,"[{""label"": ""private_person"", ""start"": 28, ""end"": 31, ""text"": ""張嘉玲"", ""score"": 0.9}, {""label"": ""account_number"", ""start"": 34, ""end"": 43, ""text"": ""410041065"", ""score"": 0.78}]"
a_account_number_009,short,A,account_number,,人事室您好，我要申請下週三的特別休假，我是業務三課的李宗翰，工號是952701，假單已經送出去了。,"[{""start"": 10, ""end"": 13, ""label"": ""private_date"", ""text"": ""下週三"", ""expected_model_label"": ""private_date""}, {""start"": 26, ""end"": 29, ""label"": ""private_person"", ""text"": ""李宗翰"", ""expected_model_label"": ""private_person""}, {""start"": 33, ""end"": 39, ""label"": ""account_number"", ""text"": ""952701"", ""expected_model_label"": ""account_number""}]",False,49,3,account_number,銀行帳號、信用卡、學號、員工編號,/data/tw-PII-bench/data/short.parquet,49,人事室您好，我要申請下週三的特別休假，我是業務三課的[private_person]，工號是952701，假單已經送出去了。,"[{""label"": ""private_person"", ""start"": 26, ""end"": 29, ""text"": ""李宗翰"", ""score"": 0.9}]"
a_account_number_010,short,A,account_number,,您好，因為我搬家了，想要更改保單的通訊地址，我的南山人壽保單號碼是Z098112233，新地址是台中市西區公益路150號6樓。,"[{""start"": 33, ""end"": 43, ""label"": ""account_number"", ""text"": ""Z098112233"", ""expected_model_label"": ""account_number""}, {""start"": 48, ""end"": 62, ""label"": ""private_address"", ""text"": ""台中市西區公益路150號6樓"", ""expected_model_label"": ""private_address""}]",False,63,2,account_number,銀行帳號、信用卡、學號、員工編號,/data/tw-PII-bench/data/short.parquet,63,您好，因為我搬家了，想要更改保單的通訊地址，我的南山人壽保單號碼是Z098112233，新地址[private_address]。,"[{""label"": ""private_address"", ""start"": 47, ""end"": 62, ""text"": ""是台中市西區公益路150號6樓"", ""score"": 0.86}]"
a_account_number_011,short,A,account_number,,老闆好，這是我的薪轉帳戶資料，玉山銀行七賢分行，帳號是0244968123456，如果有缺什麼資料再跟我說。,"[{""start"": 27, ""end"": 40, ""label"": ""account_number"", ""text"": ""0244968123456"", ""expected_model_label"": ""account_number""}]",False,54,1,account_number,銀行帳號、信用卡、學號、員工編號,/data/tw-PII-bench/data/short.parquet,54,老闆好，這是我的薪轉帳戶資料，玉山銀行七賢分行，帳號是[account_number]，如果有缺什麼資料再跟我說。,"[{""label"": ""account_number"", ""start"": 27, ""end"": 40, ""text"": ""0244968123456"", ""score"": 0.78}]"
a_account_number_012,short,A,account_number,,你好，我想取消下個月的健身房訂閱，當初綁定的信用卡是台新狗狗卡，卡號3563-1234-5678-9012，麻煩幫我處理退訂。,"[{""start"": 34, ""end"": 53, ""label"": ""account_number"", ""text"": ""3563-1234-5678-9012"", ""expected_model_label"": ""account_number""}]",False,63,1,account_number,銀行帳號、信用卡、學號、員工編號,/data/tw-PII-bench/data/short.parquet,63,你好，我想取消下個月的健身房訂閱，當初綁定的信用卡是台新狗狗卡，卡號[account_number]，麻煩幫我處理退訂。,"[{""label"": ""account_number"", ""start"": 34, ""end"": 53, ""text"": ""3563-1234-5678-9012"", ""score"": 0.88}]"
a_account_number_013,short,A,account_number,,社長好！我想加入吉他社，我是今年剛入學的新生，名字是吳奕帆，學號是E11205033，我的LINE ID是yifan_wu99。,"[{""start"": 26, ""end"": 29, ""label"": ""private_person"", ""text"": ""吳奕帆"", ""expected_model_label"": ""private_person""}, {""start"": 33, ""end"": 42, ""label"": ""account_number"", ""text"": ""E11205033"", ""expected_model_label"": ""account_number""}, {""start"": 53, ""end"": 63, ""label"": ""tw_line_id"", ""text"": ""yifan_wu99"", ""expected_model_label"": ""private_url""}]",False,64,3,account_number,銀行帳號、信用卡、學號、員工編號,/data/tw-PII-bench/data/short.parquet,64,社長好！我想加入吉他社，我是今年剛入學的[private_person]，名字是[private_person]，學號是[account_number]，我的LINE ID是yifan_wu99。,"[{""label"": ""private_person"", ""start"": 20, ""end"": 22, ""text"": ""新生"", ""score"": 0.9}, {""label"": ""private_person"", ""start"": 26, ""end"": 29, ""text"": ""吳奕帆"", ""score"": 0.72}, {""label"": ""account_number"", ""start"": 33, ""end"": 42, ""text"": ""E11205033"", ""score"": 0.78}]"
a_account_number_014,short,A,account_number,,會計部您好，這是上個月去新竹出差的高鐵票根跟計程車收據，我是研發部的周子瑜，員編RD109022，請幫我辦理核銷。,"[{""start"": 34, ""end"": 37, ""label"": ""private_person"", ""text"": ""周子瑜"", ""expected_model_label"": ""private_person""}, {""start"": 40, ""end"": 48, ""label"": ""account_number"", ""text"": ""RD109022"", ""expected_model_label"": ""account_number""}]",False,57,2,account_number,銀行帳號、信用卡、學號、員工編號,/data/tw-PII-bench/data/short.parquet,57,會計部您好，這是上個月去新竹出差的高鐵票根跟計程車收據，我是研發部的[private_person]，員編RD109022，請幫我辦理核銷。,"[{""label"": ""private_person"", ""start"": 34, ""end"": 37, ""text"": ""周子瑜"", ""score"": 0.9}]"
a_account_number_015,short,A,account_number,,富邦產險客服您好，我想查詢我的防疫險理賠進度，我的身分證字號是A123456789，保單號碼是0500-22DX001122。,"[{""start"": 31, ""end"": 41, ""label"": ""tw_national_id"", ""text"": ""A123456789"", ""expected_model_label"": ""account_number""}, {""start"": 47, ""end"": 62, ""label"": ""account_number"", ""text"": ""0500-22DX001122"", ""expected_model_label"": ""account_number""}]",False,63,2,account_number,銀行帳號、信用卡、學號、員工編號,/data/tw-PII-bench/data/short.parquet,63,富邦產險客服您好，我想查詢我的防疫險理賠進度，我的身分證字號是A123456789，保單號碼是0500-22DX001122。,[]
a_account_number_016,short,A,account_number,,大家昨天的聚餐費用是一人650元喔！請匯款到我的台新Richart帳戶，帳號28881001234567，匯完再跟我說一聲。,"[{""start"": 38, ""end"": 52, ""label"": ""account_number"", ""text"": ""28881001234567"", ""expected_model_label"": ""account_number""}]",False,62,1,account_number,銀行帳號、信用卡、學號、員工編號,/data/tw-PII-bench/data/short.parquet,62,大家昨天的聚餐費用是一人650元喔！請匯款到我的台新Richart帳戶，帳號[account_number]，匯完再跟我說一聲。,"[{""label"": ""account_number"", ""start"": 38, ""end"": 52, ""text"": ""28881001234567"", ""score"": 0.78}]"
a_account_number_017,short,A,account_number,,您好，我想要預訂12月25日的雙人房，我用國泰世華的信用卡付訂金，卡號是5149-1212-3434-5656，授權碼是334。,"[{""start"": 8, ""end"": 14, ""label"": ""private_date"", ""text"": ""12月25日"", ""expected_model_label"": ""private_date""}, {""start"": 36, ""end"": 55, ""label"": ""account_number"", ""text"": ""5149-1212-3434-5656"", ""expected_model_label"": ""account_number""}, {""start"": 60, ""end"": 63, ""label"": ""secret"", ""text"": ""334"", ""expected_model_label"": ""secret""}]",False,64,3,account_number,銀行帳號、信用卡、學號、員工編號,/data/tw-PII-bench/data/short.parquet,64,您好，我想要預訂[private_date]的雙人房，我用國泰世華的信用卡付訂金，卡號是[account_number]，授權碼是334。,"[{""label"": ""private_date"", ""start"": 8, ""end"": 14, ""text"": ""12月25日"", ""score"": 0.72}, {""label"": ""account_number"", ""start"": 36, ""end"": 55, ""text"": ""5149-1212-3434-5656"", ""score"": 0.88}]"
a_account_number_018,short,A,account_number,,同學你好，我剛剛在綜合大樓的二樓女廁撿到你的學生證，看上面的學號是110204055，我幫你拿去生輔組的失物招領處了。,"[{""start"": 33, ""end"": 42, ""label"": ""account_number"", ""text"": ""110204055"", ""expected_model_label"": ""account_number""}]",False,59,1,account_number,銀行帳號、信用卡、學號、員工編號,/data/tw-PII-bench/data/short.parquet,59,同學你好，我剛剛在綜合大樓的二樓女廁撿到你的學生證，看上面的學號是[account_number]，我幫你拿去生輔組的失物招領處了。,"[{""label"": ""account_number"", ""start"": 33, ""end"": 42, ""text"": ""110204055"", ""score"": 0.78}]"
a_account_number_019,short,A,account_number,,警衛大哥早安，我不小心把門禁卡忘在新北市板橋區文化路二段100號的家裡了，我是企劃部的人員，員編20180405，可以幫我開個臨時卡嗎？,"[{""start"": 17, ""end"": 32, ""label"": ""private_address"", ""text"": ""新北市板橋區文化路二段100號"", ""expected_model_label"": ""private_address""}, {""start"": 48, ""end"": 56, ""label"": ""account_number"", ""text"": ""20180405"", ""expected_model_label"": ""account_number""}]",False,68,2,account_number,銀行帳號、信用卡、學號、員工編號,/data/tw-PII-bench/data/short.parquet,68,警衛大哥早安，我不小心把門禁卡忘[private_address]的家裡了，我是企劃部的[private_person]，員編20180405，可以幫我開個臨時卡嗎？,"[{""label"": ""private_address"", ""start"": 16, ""end"": 32, ""text"": ""在新北市板橋區文化路二段100號"", ""score"": 0.86}, {""label"": ""private_person"", ""start"": 43, ""end"": 45, ""text"": ""人員"", ""score"": 0.9}]"
a_account_number_020,short,A,account_number,,我要辦理變更受益人，這份國泰人壽的保單號碼是1234567890，新的受益人是我的兒子王大明。,"[{""start"": 22, ""end"": 32, ""label"": ""account_number"", ""text"": ""1234567890"", ""expected_model_label"": ""account_number""}, {""start"": 43, ""end"": 46, ""label"": ""private_person"", ""text"": ""王大明"", ""expected_model_label"": ""private_person""}]",False,47,2,account_number,銀行帳號、信用卡、學號、員工編號,/data/tw-PII-bench/data/short.parquet,47,我要辦理變更受益人，這份國泰人壽的保單號碼是1234567890，新的受益人是我的兒子王大明。,[]
a_private_address_001,short,A,private_address,,麻煩幫我把包裹寄到 114066 台北市內湖區瑞光路999巷88號7樓，收件人是 陳大文，電話 0912-345-678。,"[{""start"": 10, ""end"": 35, ""label"": ""private_address"", ""text"": ""114066 台北市內湖區瑞光路999巷88號7樓"", ""expected_model_label"": ""private_address""}, {""start"": 41, ""end"": 44, ""label"": ""private_person"", ""text"": ""陳大文"", ""expected_model_label"": ""private_person""}, {""start"": 48, ""end"": 60, ""label"": ""private_phone"", ""text"": ""0912-345-678"", ""expected_model_label"": ""private_phone""}]",False,61,3,private_address,縣市區+巷弄號樓、3+3 郵遞區號、外島地址,/data/tw-PII-bench/data/short.parquet,61,麻煩幫我把包裹寄到 114[private_address]，收件人是 陳大文，電話 [private_phone]。,"[{""label"": ""private_address"", ""start"": 13, ""end"": 35, ""text"": ""066 台北市內湖區瑞光路999巷88號7樓"", ""score"": 0.86}, {""label"": ""private_phone"", ""start"": 48, ""end"": 60, ""text"": ""0912-345-678"", ""score"": 0.9}]"
a_private_address_002,short,A,private_address,,您好，我要更改信用卡的帳單地址，新的地址是 新北市板橋區文化路二段456巷7弄8號3樓，再麻煩客服協助處理。,"[{""start"": 22, ""end"": 43, ""label"": ""private_address"", ""text"": ""新北市板橋區文化路二段456巷7弄8號3樓"", ""expected_model_label"": ""private_address""}]",False,54,1,private_address,縣市區+巷弄號樓、3+3 郵遞區號、外島地址,/data/tw-PII-bench/data/short.parquet,54,您好，我要更改信用卡的帳單地址，新的地址是 [private_address]，再麻煩客服協助處理。,"[{""label"": ""private_address"", ""start"": 22, ""end"": 43, ""text"": ""新北市板橋區文化路二段456巷7弄8號3樓"", ""score"": 0.86}]"
a_private_address_003,short,A,private_address,,請問這個黑貓宅急便有送山區嗎？我的收件地址在 屏東縣三地門鄉達來村12鄰達來路99號。,"[{""start"": 23, ""end"": 42, ""label"": ""private_address"", ""text"": ""屏東縣三地門鄉達來村12鄰達來路99號"", ""expected_model_label"": ""private_address""}]",False,43,1,private_address,縣市區+巷弄號樓、3+3 郵遞區號、外島地址,/data/tw-PII-bench/data/short.parquet,43,請問這個黑貓宅急便有送山區嗎？我的收件地址在 [private_address]。,"[{""label"": ""private_address"", ""start"": 23, ""end"": 42, ""text"": ""屏東縣三地門鄉達來村12鄰達來路99號"", ""score"": 0.86}]"
a_private_address_004,short,A,private_address,,老闆你好，請問寄到 澎湖縣馬公市中正路888號 運費要加多少錢？如果加 LINE ID penghu_boy88 可以免運嗎？,"[{""start"": 10, ""end"": 23, ""label"": ""private_address"", ""text"": ""澎湖縣馬公市中正路888號"", ""expected_model_label"": ""private_address""}, {""start"": 44, ""end"": 56, ""label"": ""tw_line_id"", ""text"": ""penghu_boy88"", ""expected_model_label"": ""private_url""}]",False,63,2,private_address,縣市區+巷弄號樓、3+3 郵遞區號、外島地址,/data/tw-PII-bench/data/short.parquet,63,老闆你好，請問寄到 [private_address] 運費要加多少錢？如果加 LINE ID penghu_boy88 可以免運嗎？,"[{""label"": ""private_address"", ""start"": 10, ""end"": 23, ""text"": ""澎湖縣馬公市中正路888號"", ""score"": 0.86}]"
a_private_address_005,short,A,private_address,,"國外網購的收件地址我填寫 No. 5, Ln. 12, Sec. 3, Roosevelt Rd., Zhongzheng Dist., Taipei City 100048, Taiwan (R.O.C.)，不知道郵差看不看得懂？","[{""start"": 13, ""end"": 104, ""label"": ""private_address"", ""text"": ""No. 5, Ln. 12, Sec. 3, Roosevelt Rd., Zhongzheng Dist., Taipei City 100048, Taiwan (R.O.C.)"", ""expected_model_label"": ""private_address""}]",False,116,1,private_address,縣市區+巷弄號樓、3+3 郵遞區號、外島地址,/data/tw-PII-bench/data/short.parquet,116,"國外網購的收件地址我填寫 No. 5, Ln. 12, Sec. 3, Roosevelt Rd., Zhongzheng Dist., Taipei City 100048, Taiwan (R.O.C.)，不知道郵差看不看得懂？",[]
a_private_address_006,short,A,private_address,,房東您好，租賃契約上的戶籍地址請幫我寫 台中市西屯區台灣大道三段1234號10樓之2，我的身分證字號是 B123456789。,"[{""start"": 20, ""end"": 42, ""label"": ""private_address"", ""text"": ""台中市西屯區台灣大道三段1234號10樓之2"", ""expected_model_label"": ""private_address""}, {""start"": 52, ""end"": 62, ""label"": ""tw_national_id"", ""text"": ""B123456789"", ""expected_model_label"": ""account_number""}]",False,63,2,private_address,縣市區+巷弄號樓、3+3 郵遞區號、外島地址,/data/tw-PII-bench/data/short.parquet,63,房東您好，租賃契約上的戶籍地址請幫我寫 [private_address]之2，我的身分證字號是 [account_number]。,"[{""label"": ""private_address"", ""start"": 20, ""end"": 40, ""text"": ""台中市西屯區台灣大道三段1234號10樓"", ""score"": 0.86}, {""label"": ""account_number"", ""start"": 52, ""end"": 62, ""text"": ""B123456789"", ""score"": 0.86}]"
a_private_address_007,short,A,private_address,,我剛辦完戶籍遷出，現在戶籍地已經改成 金門縣金城鎮民生路100巷20號 了，請問這樣還符合補助資格嗎？,"[{""start"": 19, ""end"": 35, ""label"": ""private_address"", ""text"": ""金門縣金城鎮民生路100巷20號"", ""expected_model_label"": ""private_address""}]",False,51,1,private_address,縣市區+巷弄號樓、3+3 郵遞區號、外島地址,/data/tw-PII-bench/data/short.parquet,51,我剛辦完戶籍遷出，現在戶籍地已經改成 [private_address] 了，請問這樣還符合補助資格嗎？,"[{""label"": ""private_address"", ""start"": 19, ""end"": 35, ""text"": ""金門縣金城鎮民生路100巷20號"", ""score"": 0.86}]"
a_private_address_008,short,A,private_address,,我們這次馬祖包車旅遊的接送地點在 連江縣南竿鄉介壽村200號 的民宿，預計 112年5月10日 早上出發。,"[{""start"": 17, ""end"": 30, ""label"": ""private_address"", ""text"": ""連江縣南竿鄉介壽村200號"", ""expected_model_label"": ""private_address""}, {""start"": 38, ""end"": 47, ""label"": ""private_date"", ""text"": ""112年5月10日"", ""expected_model_label"": ""private_date""}]",False,53,2,private_address,縣市區+巷弄號樓、3+3 郵遞區號、外島地址,/data/tw-PII-bench/data/short.parquet,53,我們這次馬祖包車旅遊的接送地點在 [private_address] 的民宿，預計 [private_date] 早上出發。,"[{""label"": ""private_address"", ""start"": 17, ""end"": 30, ""text"": ""連江縣南竿鄉介壽村200號"", ""score"": 0.86}, {""label"": ""private_date"", ""start"": 38, ""end"": 47, ""text"": ""112年5月10日"", ""score"": 0.82}]"
a_private_address_009,short,A,private_address,,護理師你好，初診單我填好了，我的聯絡地址是 高雄市三民區建國二路777巷6號，預約看診日是 2023-11-25。,"[{""start"": 22, ""end"": 38, ""label"": ""private_address"", ""text"": ""高雄市三民區建國二路777巷6號"", ""expected_model_label"": ""private_address""}, {""start"": 46, ""end"": 56, ""label"": ""private_date"", ""text"": ""2023-11-25"", ""expected_model_label"": ""private_date""}]",False,57,2,private_address,縣市區+巷弄號樓、3+3 郵遞區號、外島地址,/data/tw-PII-bench/data/short.parquet,57,護理師你好，初診單我填好了，我的聯絡地址是 [private_address]，預約看診日是 2023-11-25。,"[{""label"": ""private_address"", ""start"": 22, ""end"": 38, ""text"": ""高雄市三民區建國二路777巷6號"", ""score"": 0.86}]"
a_private_address_010,short,A,private_address,,警察先生我要報案，我家地址是 桃園市中壢區中華路一段500號，門口剛剛停了一台車牌 ABC-1234 的機車擋住出入。,"[{""start"": 15, ""end"": 30, ""label"": ""private_address"", ""text"": ""桃園市中壢區中華路一段500號"", ""expected_model_label"": ""private_address""}, {""start"": 42, ""end"": 50, ""label"": ""tw_license_plate"", ""text"": ""ABC-1234"", ""expected_model_label"": """"}]",False,59,2,private_address,縣市區+巷弄號樓、3+3 郵遞區號、外島地址,/data/tw-PII-bench/data/short.parquet,59,警察先生我要報案，我家地址是 [private_address]，門口剛剛停了一台車牌 ABC-1234 的機車擋住出入。,"[{""label"": ""private_address"", ""start"": 15, ""end"": 30, ""text"": ""桃園市中壢區中華路一段500號"", ""score"": 0.86}]"
a_private_address_011,short,A,private_address,,外送員你好，我點的餐請幫我放在 台南市東區林森路二段100巷5弄20號1樓 的鞋櫃上，到了不用打 0987654321 給我，謝謝。,"[{""start"": 16, ""end"": 37, ""label"": ""private_address"", ""text"": ""台南市東區林森路二段100巷5弄20號1樓"", ""expected_model_label"": ""private_address""}, {""start"": 49, ""end"": 59, ""label"": ""private_phone"", ""text"": ""0987654321"", ""expected_model_label"": ""private_phone""}]",False,66,2,private_address,縣市區+巷弄號樓、3+3 郵遞區號、外島地址,/data/tw-PII-bench/data/short.parquet,66,外送員你好，我點的餐請幫我放在 [private_address] 的鞋櫃上，到了不用打 [private_phone] 給我，謝謝。,"[{""label"": ""private_address"", ""start"": 16, ""end"": 37, ""text"": ""台南市東區林森路二段100巷5弄20號1樓"", ""score"": 0.86}, {""label"": ""private_phone"", ""start"": 49, ""end"": 59, ""text"": ""0987654321"", ""score"": 0.9}]"
a_private_address_012,short,A,private_address,,申請書上的現居地址我填 新竹市東區光復路一段888巷99號5樓，公司統編是 87654321。,"[{""start"": 12, ""end"": 31, ""label"": ""private_address"", ""text"": ""新竹市東區光復路一段888巷99號5樓"", ""expected_model_label"": ""private_address""}, {""start"": 38, ""end"": 46, ""label"": ""tw_company_id"", ""text"": ""87654321"", ""expected_model_label"": ""account_number""}]",False,47,2,private_address,縣市區+巷弄號樓、3+3 郵遞區號、外島地址,/data/tw-PII-bench/data/short.parquet,47,申請書上的現居地址我填 [private_address]，公司統編是 87654321。,"[{""label"": ""private_address"", ""start"": 12, ""end"": 31, ""text"": ""新竹市東區光復路一段888巷99號5樓"", ""score"": 0.86}]"
a_private_address_013,short,A,private_address,,面試官您好，我的通訊地址是 彰化縣彰化市中山路二段300號，如果有錄取通知請寄到我的信箱 test_job123@gmail.com。,"[{""start"": 14, ""end"": 29, ""label"": ""private_address"", ""text"": ""彰化縣彰化市中山路二段300號"", ""expected_model_label"": ""private_address""}, {""start"": 45, ""end"": 66, ""label"": ""private_email"", ""text"": ""test_job123@gmail.com"", ""expected_model_label"": ""private_email""}]",False,67,2,private_address,縣市區+巷弄號樓、3+3 郵遞區號、外島地址,/data/tw-PII-bench/data/short.parquet,67,面試官您好，我的通訊地址是 [private_address]，如果有錄取通知請寄到我的信箱 [private_email]。,"[{""label"": ""private_address"", ""start"": 14, ""end"": 29, ""text"": ""彰化縣彰化市中山路二段300號"", ""score"": 0.86}, {""label"": ""private_email"", ""start"": 45, ""end"": 66, ""text"": ""test_job123@gmail.com"", ""score"": 0.9}]"
a_private_address_014,short,A,private_address,,台電客服您好，我要補單，用電地址是 花蓮縣秀林鄉富世村10鄰富世123號，請問電費最晚什麼時候要繳？,"[{""start"": 18, ""end"": 36, ""label"": ""private_address"", ""text"": ""花蓮縣秀林鄉富世村10鄰富世123號"", ""expected_model_label"": ""private_address""}]",False,50,1,private_address,縣市區+巷弄號樓、3+3 郵遞區號、外島地址,/data/tw-PII-bench/data/short.parquet,50,台電客服您好，我要補單，用電地址是 [private_address]，請問電費最晚什麼時候要繳？,"[{""label"": ""private_address"", ""start"": 18, ""end"": 36, ""text"": ""花蓮縣秀林鄉富世村10鄰富世123號"", ""score"": 0.86}]"
a_private_address_015,short,A,private_address,,鄉民揪團的衣服我匯款了，郵寄地址是 802014 高雄市苓雅區三多一路456號3樓，我的 PTT 帳號是 kaohsiung_king。,"[{""start"": 18, ""end"": 41, ""label"": ""private_address"", ""text"": ""802014 高雄市苓雅區三多一路456號3樓"", ""expected_model_label"": ""private_address""}, {""start"": 53, ""end"": 67, ""label"": ""tw_ptt_id"", ""text"": ""kaohsiung_king"", ""expected_model_label"": """"}]",False,68,2,private_address,縣市區+巷弄號樓、3+3 郵遞區號、外島地址,/data/tw-PII-bench/data/short.parquet,68,鄉民揪團的衣服我匯款了，郵寄地址是 802[private_address]，我的 PTT 帳號是 kaohsiung_king。,"[{""label"": ""private_address"", ""start"": 21, ""end"": 41, ""text"": ""014 高雄市苓雅區三多一路456號3樓"", ""score"": 0.86}]"
a_private_address_016,short,A,private_address,,"為了申請外商銀行的帳戶，我把英文戶籍地址翻譯成 7F., No. 88, Zhongzheng Rd., Xinzhuang Dist., New Taipei City 242045。","[{""start"": 24, ""end"": 92, ""label"": ""private_address"", ""text"": ""7F., No. 88, Zhongzheng Rd., Xinzhuang Dist., New Taipei City 242045"", ""expected_model_label"": ""private_address""}]",False,93,1,private_address,縣市區+巷弄號樓、3+3 郵遞區號、外島地址,/data/tw-PII-bench/data/short.parquet,93,"為了申請外商銀行的帳戶，我把英文戶籍地址翻譯成 7F., No. 88, Zhongzheng Rd., Xinzhuang Dist., New Taipei City 242045。",[]
a_private_address_017,short,A,private_address,,我在 2024/01/05 訂的商品到現在都沒收到！送貨地址明明就寫 嘉義市西區垂楊路900號4樓之1，請幫我查一下進度。,"[{""start"": 3, ""end"": 13, ""label"": ""private_date"", ""text"": ""2024/01/05"", ""expected_model_label"": ""private_date""}, {""start"": 35, ""end"": 51, ""label"": ""private_address"", ""text"": ""嘉義市西區垂楊路900號4樓之1"", ""expected_model_label"": ""private_address""}]",False,61,2,private_address,縣市區+巷弄號樓、3+3 郵遞區號、外島地址,/data/tw-PII-bench/data/short.parquet,61,我在 2024/01/05 訂的商品到現在都沒收到！送貨地址明明就寫 [private_address]之1，請幫我查一下進度。,"[{""label"": ""private_address"", ""start"": 35, ""end"": 49, ""text"": ""嘉義市西區垂楊路900號4樓"", ""score"": 0.86}]"
a_private_address_018,short,A,private_address,,申辦光世代網路要填寫裝機地址，請幫我設定在 宜蘭縣羅東鎮中正北路555巷12號，我們家的戶號是 G1234567。,"[{""start"": 22, ""end"": 39, ""label"": ""private_address"", ""text"": ""宜蘭縣羅東鎮中正北路555巷12號"", ""expected_model_label"": ""private_address""}, {""start"": 48, ""end"": 56, ""label"": ""tw_household_no"", ""text"": ""G1234567"", ""expected_model_label"": ""account_number""}]",False,57,2,private_address,縣市區+巷弄號樓、3+3 郵遞區號、外島地址,/data/tw-PII-bench/data/short.parquet,57,申辦光世代網路要填寫裝機地址，請幫我設定在 [private_address]，我們家的戶號是 G1234567。,"[{""label"": ""private_address"", ""start"": 22, ""end"": 39, ""text"": ""宜蘭縣羅東鎮中正北路555巷12號"", ""score"": 0.86}]"
a_private_address_019,short,A,private_address,,您好，我想訂閱一年的科學人雜誌，每期的雜誌請幫我寄到 苗栗縣頭份市中央路800號 的社區管理室代收。,"[{""start"": 27, ""end"": 40, ""label"": ""private_address"", ""text"": ""苗栗縣頭份市中央路800號"", ""expected_model_label"": ""private_address""}]",False,50,1,private_address,縣市區+巷弄號樓、3+3 郵遞區號、外島地址,/data/tw-PII-bench/data/short.parquet,50,您好，我想訂閱一年的科學人雜誌，每期的雜誌請幫我寄到 [private_address] 的社區管理室代收。,"[{""label"": ""private_address"", ""start"": 27, ""end"": 40, ""text"": ""苗栗縣頭份市中央路800號"", ""score"": 0.86}]"
a_private_address_020,short,A,private_address,,1999市民專線您好，我是 林志明，我要檢舉我家 基隆市仁愛區愛三路200號 騎樓長期有違規停車擋住出入。,"[{""start"": 14, ""end"": 17, ""label"": ""private_person"", ""text"": ""林志明"", ""expected_model_label"": ""private_person""}, {""start"": 25, ""end"": 38, ""label"": ""private_address"", ""text"": ""基隆市仁愛區愛三路200號"", ""expected_model_label"": ""private_address""}]",False,53,2,private_address,縣市區+巷弄號樓、3+3 郵遞區號、外島地址,/data/tw-PII-bench/data/short.parquet,53,1999市民專線您好，我是 林志明，我要檢舉我家 [private_address]長期有違規停車擋住出入。,"[{""label"": ""private_address"", ""start"": 25, ""end"": 41, ""text"": ""基隆市仁愛區愛三路200號 騎樓"", ""score"": 0.86}]"
a_private_date_001,short,A,private_date,,醫師你好，我阿嬤林月嬌的出生年月日是民國38年5月12日，這她的健保卡號000012345678，麻煩幫她掛號。,"[{""start"": 8, ""end"": 11, ""label"": ""private_person"", ""text"": ""林月嬌"", ""expected_model_label"": ""private_person""}, {""start"": 18, ""end"": 28, ""label"": ""private_date"", ""text"": ""民國38年5月12日"", ""expected_model_label"": ""private_date""}, {""start"": 36, ""end"": 48, ""label"": ""tw_nhi_card"", ""text"": ""000012345678"", ""expected_model_label"": ""account_number""}]",False,56,3,private_date,民國紀年、農曆、月日 only,/data/tw-PII-bench/data/short.parquet,56,醫師你好，我阿嬤林月嬌的出生年月日是[private_date]，這她的健保卡號[private_phone]，麻煩幫她掛號。,"[{""label"": ""private_date"", ""start"": 18, ""end"": 28, ""text"": ""民國38年5月12日"", ""score"": 0.82}, {""label"": ""private_phone"", ""start"": 36, ""end"": 48, ""text"": ""000012345678"", ""score"": 0.82}]"
a_private_date_002,short,A,private_date,,HR 您好，我是陳柏翰，我確認可以接受貴公司的 offer，預計2026年5月4日報到，再麻煩將入職指南寄到我的信箱 bohan.chen1995@gmail.com。,"[{""start"": 8, ""end"": 11, ""label"": ""private_person"", ""text"": ""陳柏翰"", ""expected_model_label"": ""private_person""}, {""start"": 32, ""end"": 41, ""label"": ""private_date"", ""text"": ""2026年5月4日"", ""expected_model_label"": ""private_date""}, {""start"": 59, ""end"": 83, ""label"": ""private_email"", ""text"": ""bohan.chen1995@gmail.com"", ""expected_model_label"": ""private_email""}]",False,84,3,private_date,民國紀年、農曆、月日 only,/data/tw-PII-bench/data/short.parquet,84,HR 您好，我是[private_person]，我確認可以接受貴公司的 offer，預計[private_date]報到，再麻煩將入職指南寄到我的信箱 [private_email]。,"[{""label"": ""private_person"", ""start"": 8, ""end"": 11, ""text"": ""陳柏翰"", ""score"": 0.82}, {""label"": ""private_date"", ""start"": 32, ""end"": 41, ""text"": ""2026年5月4日"", ""score"": 0.82}, {""label"": ""private_email"", ""start"": 59, ""end"": 83, ""text"": ""bohan.chen1995@gmail.com"", ""score"": 0.9}]"
a_private_date_003,short,A,private_date,,客服您好，我要查詢這期帳單，身分證字號是A123456789，生日是82/10/05，對，手機號碼一樣是這支。,"[{""start"": 20, ""end"": 30, ""label"": ""tw_national_id"", ""text"": ""A123456789"", ""expected_model_label"": ""account_number""}, {""start"": 34, ""end"": 42, ""label"": ""private_date"", ""text"": ""82/10/05"", ""expected_model_label"": ""private_date""}]",False,55,2,private_date,民國紀年、農曆、月日 only,/data/tw-PII-bench/data/short.parquet,55,客服您好，我要查詢這期帳單，身分證字號是A123456789，生日是82/10/05，對，手機號碼一樣是這支。,[]
a_private_date_004,short,A,private_date,,警察先生我要報案，我在113年4月25日下午三點左右在路口被一輛車牌ABC-5678的休旅車擦撞，這是我的聯絡電話0912-345-678。,"[{""start"": 11, ""end"": 20, ""label"": ""private_date"", ""text"": ""113年4月25日"", ""expected_model_label"": ""private_date""}, {""start"": 34, ""end"": 42, ""label"": ""tw_license_plate"", ""text"": ""ABC-5678"", ""expected_model_label"": """"}, {""start"": 57, ""end"": 69, ""label"": ""private_phone"", ""text"": ""0912-345-678"", ""expected_model_label"": ""private_phone""}]",False,70,3,private_date,民國紀年、農曆、月日 only,/data/tw-PII-bench/data/short.parquet,70,警察先生我要報案，我在[private_date]下午三點左右在路口被一輛車牌ABC-5678的休旅車擦撞，這是我的聯絡電話[private_phone]。,"[{""label"": ""private_date"", ""start"": 11, ""end"": 20, ""text"": ""113年4月25日"", ""score"": 0.82}, {""label"": ""private_phone"", ""start"": 57, ""end"": 69, ""text"": ""0912-345-678"", ""score"": 0.9}]"
a_private_date_005,short,A,private_date,,房東太太你好，我是看房的張嘉玲，我們決定租了，希望起租日押在113.06.01，合約寄到新北市三重區重新路三段99號4樓。,"[{""start"": 12, ""end"": 15, ""label"": ""private_person"", ""text"": ""張嘉玲"", ""expected_model_label"": ""private_person""}, {""start"": 30, ""end"": 39, ""label"": ""private_date"", ""text"": ""113.06.01"", ""expected_model_label"": ""private_date""}, {""start"": 44, ""end"": 60, ""label"": ""private_address"", ""text"": ""新北市三重區重新路三段99號4樓"", ""expected_model_label"": ""private_address""}]",False,61,3,private_date,民國紀年、農曆、月日 only,/data/tw-PII-bench/data/short.parquet,61,房東太太你好，我是看房的[private_person]，我們決定租了，希望起租日押在113.06.01，合約寄[private_address]。,"[{""label"": ""private_person"", ""start"": 12, ""end"": 15, ""text"": ""張嘉玲"", ""score"": 0.9}, {""label"": ""private_address"", ""start"": 43, ""end"": 60, ""text"": ""到新北市三重區重新路三段99號4樓"", ""score"": 0.86}]"
a_private_date_006,short,A,private_date,,您好，我要掛失信用卡，卡號末四碼是4321，持卡人是我本人，生日是1988-07-22，請幫我停卡。,"[{""start"": 17, ""end"": 21, ""label"": ""account_number"", ""text"": ""4321"", ""expected_model_label"": ""account_number""}, {""start"": 33, ""end"": 43, ""label"": ""private_date"", ""text"": ""1988-07-22"", ""expected_model_label"": ""private_date""}]",False,50,2,private_date,民國紀年、農曆、月日 only,/data/tw-PII-bench/data/short.parquet,50,您好，我要掛失信用卡，卡號末四碼是4321，持卡人是我本人，生日是1988-07-22，請幫我停卡。,[]
a_private_date_007,short,A,private_date,,系辦你好，我是企管三的吳宗穎，學號B11030211，因為家裡有急事需要請假，請假期間為112年11月20日到112年11月24日。,"[{""start"": 11, ""end"": 14, ""label"": ""private_person"", ""text"": ""吳宗穎"", ""expected_model_label"": ""private_person""}, {""start"": 17, ""end"": 26, ""label"": ""account_number"", ""text"": ""B11030211"", ""expected_model_label"": ""account_number""}, {""start"": 44, ""end"": 54, ""label"": ""private_date"", ""text"": ""112年11月20日"", ""expected_model_label"": ""private_date""}, {""start"": 55, ""end"": 65, ""label"": ""private_date"", ""text"": ""112年11月24日"", ""expected_model_label"": ""private_date""}]",False,66,4,private_date,民國紀年、農曆、月日 only,/data/tw-PII-bench/data/short.parquet,66,系辦你好，我是企管三的[private_person]，學號[account_number]，因為家裡有急事需要請假，請假期間為[private_date]到[private_date]。,"[{""label"": ""private_person"", ""start"": 11, ""end"": 14, ""text"": ""吳宗穎"", ""score"": 0.9}, {""label"": ""account_number"", ""start"": 17, ""end"": 26, ""text"": ""B11030211"", ""score"": 0.78}, {""label"": ""private_date"", ""start"": 44, ""end"": 54, ""text"": ""112年11月20日"", ""score"": 0.82}, {""label"": ""private_date"", ""start"": 55, ""end"": 65, ""text"": ""112年11月24日"", ""score"": 0.82}]"
a_private_date_008,short,A,private_date,,老師您好，我想算紫微斗數，我的農曆生日是己巳年八月初十早上六點生，算好之後麻煩加我的 LINE ID：fortune_teller_fan 通知我。,"[{""start"": 20, ""end"": 27, ""label"": ""private_date"", ""text"": ""己巳年八月初十"", ""expected_model_label"": ""private_date""}, {""start"": 51, ""end"": 69, ""label"": ""tw_line_id"", ""text"": ""fortune_teller_fan"", ""expected_model_label"": ""private_url""}]",False,74,2,private_date,民國紀年、農曆、月日 only,/data/tw-PII-bench/data/short.parquet,74,老師您好，我想算紫微斗數，我的[private_date]早上六點生，算好之後麻煩加我的 LINE ID：fortune_teller_fan 通知我。,"[{""label"": ""private_date"", ""start"": 15, ""end"": 27, ""text"": ""農曆生日是己巳年八月初十"", ""score"": 0.78}]"
a_private_date_009,short,A,private_date,,理賠專員您好，我要申請意外險理賠，保單號碼Z987654321，事故發生日期是113/02/28，相關醫療收據我已經準備好了。,"[{""start"": 21, ""end"": 31, ""label"": ""account_number"", ""text"": ""Z987654321"", ""expected_model_label"": ""account_number""}, {""start"": 39, ""end"": 48, ""label"": ""private_date"", ""text"": ""113/02/28"", ""expected_model_label"": ""private_date""}]",False,63,2,private_date,民國紀年、農曆、月日 only,/data/tw-PII-bench/data/short.parquet,63,理賠專員您好，我要申請意外險理賠，保單號碼Z987654321，事故發生日期是113/02/28，相關醫療收據我已經準備好了。,[]
a_private_date_010,short,A,private_date,,司機大哥你好，我今天不在家，包裹可以改到本週五10/27再送嗎？到時候直接打我手機0987654321。,"[{""start"": 20, ""end"": 28, ""label"": ""private_date"", ""text"": ""本週五10/27"", ""expected_model_label"": ""private_date""}, {""start"": 41, ""end"": 51, ""label"": ""private_phone"", ""text"": ""0987654321"", ""expected_model_label"": ""private_phone""}]",False,52,2,private_date,民國紀年、農曆、月日 only,/data/tw-PII-bench/data/short.parquet,52,司機大哥你好，我今天不在家，包裹可以改到本週五10/27再送嗎？到時候直接打我手機[private_phone]。,"[{""label"": ""private_phone"", ""start"": 41, ""end"": 51, ""text"": ""0987654321"", ""score"": 0.9}]"
a_private_date_011,short,A,private_date,,承辦人你好，我要申請戶籍謄本，戶號是A1234567，戶長是李建國，出生日期民國50年1月1日，請問這樣資料齊全嗎？,"[{""start"": 18, ""end"": 26, ""label"": ""tw_household_no"", ""text"": ""A1234567"", ""expected_model_label"": ""account_number""}, {""start"": 30, ""end"": 33, ""label"": ""private_person"", ""text"": ""李建國"", ""expected_model_label"": ""private_person""}, {""start"": 38, ""end"": 47, ""label"": ""private_date"", ""text"": ""民國50年1月1日"", ""expected_model_label"": ""private_date""}]",False,58,3,private_date,民國紀年、農曆、月日 only,/data/tw-PII-bench/data/short.parquet,58,承辦人你好，我要申請戶籍謄本，戶號是A1234567，戶長是李建國，出生日期[private_date]，請問這樣資料齊全嗎？,"[{""label"": ""private_date"", ""start"": 38, ""end"": 47, ""text"": ""民國50年1月1日"", ""score"": 0.82}]"
a_private_date_012,short,A,private_date,,診所您好，我是黃小美，我有預約下週二11月14日下午兩點洗牙，因為臨時要開會想改成下下週，請問還有空檔嗎？,"[{""start"": 7, ""end"": 10, ""label"": ""private_person"", ""text"": ""黃小美"", ""expected_model_label"": ""private_person""}, {""start"": 15, ""end"": 24, ""label"": ""private_date"", ""text"": ""下週二11月14日"", ""expected_model_label"": ""private_date""}]",False,53,2,private_date,民國紀年、農曆、月日 only,/data/tw-PII-bench/data/short.parquet,53,診所您好，我是[private_person]，我有預約下週二[private_date]下午兩點洗牙，因為臨時要開會想改成下下週，請問還有空檔嗎？,"[{""label"": ""private_person"", ""start"": 7, ""end"": 10, ""text"": ""黃小美"", ""score"": 0.82}, {""label"": ""private_date"", ""start"": 18, ""end"": 24, ""text"": ""11月14日"", ""score"": 0.72}]"
a_private_date_013,short,A,private_date,,報告連長，二兵王大明，兵籍號碼A123456789，預計於113年5月10日入營報到，懇請核准喪假申請。,"[{""start"": 7, ""end"": 10, ""label"": ""private_person"", ""text"": ""王大明"", ""expected_model_label"": ""private_person""}, {""start"": 15, ""end"": 25, ""label"": ""tw_military_id"", ""text"": ""A123456789"", ""expected_model_label"": ""account_number""}, {""start"": 29, ""end"": 38, ""label"": ""private_date"", ""text"": ""113年5月10日"", ""expected_model_label"": ""private_date""}]",False,52,3,private_date,民國紀年、農曆、月日 only,/data/tw-PII-bench/data/short.parquet,52,報告連長，二兵王大明，兵籍號碼A123456789，預計於[private_date]入營報到，懇請核准喪假申請。,"[{""label"": ""private_date"", ""start"": 29, ""end"": 38, ""text"": ""113年5月10日"", ""score"": 0.82}]"
a_private_date_014,short,A,private_date,,客服您好，退款麻煩匯到我的台新銀行帳號28881001234567，我是2023年12月5日收到商品的，還在七天鑑賞期內。,"[{""start"": 19, ""end"": 33, ""label"": ""account_number"", ""text"": ""28881001234567"", ""expected_model_label"": ""account_number""}, {""start"": 36, ""end"": 46, ""label"": ""private_date"", ""text"": ""2023年12月5日"", ""expected_model_label"": ""private_date""}]",False,61,2,private_date,民國紀年、農曆、月日 only,/data/tw-PII-bench/data/short.parquet,61,客服您好，退款麻煩匯到我的台新銀行帳號[account_number]，我是[private_date]收到商品的，還在七天鑑賞期內。,"[{""label"": ""account_number"", ""start"": 19, ""end"": 33, ""text"": ""28881001234567"", ""score"": 0.78}, {""label"": ""private_date"", ""start"": 36, ""end"": 46, ""text"": ""2023年12月5日"", ""score"": 0.82}]"
a_private_date_015,short,A,private_date,,旅行社你好，我要確認機票開票資料，我的護照號碼是312345678，護照效期到2030/05/15，再麻煩幫我確認有沒有拼錯。,"[{""start"": 24, ""end"": 33, ""label"": ""tw_passport"", ""text"": ""312345678"", ""expected_model_label"": ""account_number""}, {""start"": 39, ""end"": 49, ""label"": ""private_date"", ""text"": ""2030/05/15"", ""expected_model_label"": ""private_date""}]",False,63,2,private_date,民國紀年、農曆、月日 only,/data/tw-PII-bench/data/short.parquet,63,旅行社你好，我要確認機票開票資料，我的護照號碼是312345678，護照效期到2030/05/15，再麻煩幫我確認有沒有拼錯。,[]
a_private_date_016,short,A,private_date,,請問有版友也是80年次的嗎？我最近想轉職，可以站內信聊聊，我的 PTT 帳號是happyboy80，希望可以交流一下科技業的面試經驗。,"[{""start"": 7, ""end"": 11, ""label"": ""private_date"", ""text"": ""80年次"", ""expected_model_label"": ""private_date""}, {""start"": 39, ""end"": 49, ""label"": ""tw_ptt_id"", ""text"": ""happyboy80"", ""expected_model_label"": """"}]",False,67,2,private_date,民國紀年、農曆、月日 only,/data/tw-PII-bench/data/short.parquet,67,請問有版友也是80年次的嗎？我最近想轉職，可以站內信聊聊，我的 PTT 帳號是happyboy80，希望可以交流一下科技業的面試經驗。,[]
a_private_date_017,short,A,private_date,,您好，我是趙醫師，醫事人員字號醫字第012345號，我的執業執照預計在民國114年12月31日到期，想詢問換發的流程。,"[{""start"": 5, ""end"": 8, ""label"": ""private_person"", ""text"": ""趙醫師"", ""expected_model_label"": ""private_person""}, {""start"": 15, ""end"": 25, ""label"": ""tw_medical_license"", ""text"": ""醫字第012345號"", ""expected_model_label"": ""account_number""}, {""start"": 35, ""end"": 47, ""label"": ""private_date"", ""text"": ""民國114年12月31日"", ""expected_model_label"": ""private_date""}]",False,59,3,private_date,民國紀年、農曆、月日 only,/data/tw-PII-bench/data/short.parquet,59,您好，我是[private_person]，醫事人員字號醫字第012345號，我的執業執照預計在[private_date]到期，想詢問換發的流程。,"[{""label"": ""private_person"", ""start"": 5, ""end"": 8, ""text"": ""趙醫師"", ""score"": 0.82}, {""label"": ""private_date"", ""start"": 35, ""end"": 47, ""text"": ""民國114年12月31日"", ""score"": 0.82}]"
a_private_date_018,short,A,private_date,,中華電信你好，我要辦理寬頻網路移機，新地址在高雄市左營區博愛二路777號6樓，希望工程師可以在113年8月10日來牽線。,"[{""start"": 22, ""end"": 38, ""label"": ""private_address"", ""text"": ""高雄市左營區博愛二路777號6樓"", ""expected_model_label"": ""private_address""}, {""start"": 47, ""end"": 56, ""label"": ""private_date"", ""text"": ""113年8月10日"", ""expected_model_label"": ""private_date""}]",False,60,2,private_date,民國紀年、農曆、月日 only,/data/tw-PII-bench/data/short.parquet,60,中華電信你好，我要辦理寬頻網路移機，新地址[private_address]，希望工程師可以在[private_date]來牽線。,"[{""label"": ""private_address"", ""start"": 21, ""end"": 38, ""text"": ""在高雄市左營區博愛二路777號6樓"", ""score"": 0.86}, {""label"": ""private_date"", ""start"": 47, ""end"": 56, ""text"": ""113年8月10日"", ""score"": 0.82}]"
a_private_date_019,short,A,private_date,,拓元客服您好，我剛剛買演唱會門票刷卡失敗，但銀行有傳 OTP 密碼852456給我，請問我這樣有算在2024年3月1日的優先購票資格內嗎？,"[{""start"": 33, ""end"": 39, ""label"": ""secret"", ""text"": ""852456"", ""expected_model_label"": ""secret""}, {""start"": 50, ""end"": 59, ""label"": ""private_date"", ""text"": ""2024年3月1日"", ""expected_model_label"": ""private_date""}]",False,69,2,private_date,民國紀年、農曆、月日 only,/data/tw-PII-bench/data/short.parquet,69,拓元客服您好，我剛剛買演唱會門票刷卡失敗，但銀行有傳 OTP 密碼[secret]，請問我這樣有算在[private_date]的優先購票資格內嗎？,"[{""label"": ""secret"", ""start"": 33, ""end"": 41, ""text"": ""852456給我"", ""score"": 0.86}, {""label"": ""private_date"", ""start"": 50, ""end"": 59, ""text"": ""2024年3月1日"", ""score"": 0.82}]"
a_private_date_020,short,A,private_date,,監理站您好，我要查詢交通違規罰單，我的駕照號碼是B123456789，違規日期大約是112.09.15左右，請問要在哪裡繳納？,"[{""start"": 24, ""end"": 34, ""label"": ""tw_driver_license"", ""text"": ""B123456789"", ""expected_model_label"": ""account_number""}, {""start"": 42, ""end"": 51, ""label"": ""private_date"", ""text"": ""112.09.15"", ""expected_model_label"": ""private_date""}]",False,63,2,private_date,民國紀年、農曆、月日 only,/data/tw-PII-bench/data/short.parquet,63,監理站您好，我要查詢交通違規罰單，我的駕照號碼是B123456789，違規日期大約是112.09.15左右，請問要在哪裡繳納？,[]
a_private_email_001,short,A,private_email,,您好，我在填寫訂單時好像把信箱打錯了，可以幫我改成 yiting_chen88@gmail.com 嗎？不然我收不到電子發票，謝謝！,"[{""start"": 26, ""end"": 49, ""label"": ""private_email"", ""text"": ""yiting_chen88@gmail.com"", ""expected_model_label"": ""private_email""}]",False,66,1,private_email,hinet.net、edu.tw、gov.tw、台灣公司網域,/data/tw-PII-bench/data/short.parquet,66,您好，我在填寫訂單時好像把信箱打錯了，可以幫我改成 [private_email] 嗎？不然我收不到電子發票，謝謝！,"[{""label"": ""private_email"", ""start"": 26, ""end"": 49, ""text"": ""yiting_chen88@gmail.com"", ""score"": 0.9}]"
a_private_email_002,short,A,private_email,,經理您好，這是我的履歷表，若有面試機會再麻煩您寄信至 chih.hao.lin@msa.hinet.net，或撥打我的手機 0912-345-678，感激不盡。,"[{""start"": 27, ""end"": 53, ""label"": ""private_email"", ""text"": ""chih.hao.lin@msa.hinet.net"", ""expected_model_label"": ""private_email""}, {""start"": 62, ""end"": 74, ""label"": ""private_phone"", ""text"": ""0912-345-678"", ""expected_model_label"": ""private_phone""}]",False,80,2,private_email,hinet.net、edu.tw、gov.tw、台灣公司網域,/data/tw-PII-bench/data/short.parquet,80,經理您好，這是我的履歷表，若有面試機會再麻煩您寄信至 [private_email]，或撥打我的手機 [private_phone]，感激不盡。,"[{""label"": ""private_email"", ""start"": 27, ""end"": 53, ""text"": ""chih.hao.lin@msa.hinet.net"", ""score"": 0.9}, {""label"": ""private_phone"", ""start"": 62, ""end"": 74, ""text"": ""0912-345-678"", ""score"": 0.9}]"
a_private_email_003,short,A,private_email,,助教好，我是歷史系的林志明，學號是 B11102034，期中考請假證明已經從我的信箱 b11102034@ntu.edu.tw 寄出，請查收。,"[{""start"": 10, ""end"": 13, ""label"": ""private_person"", ""text"": ""林志明"", ""expected_model_label"": ""private_person""}, {""start"": 18, ""end"": 27, ""label"": ""account_number"", ""text"": ""B11102034"", ""expected_model_label"": ""account_number""}, {""start"": 43, ""end"": 63, ""label"": ""private_email"", ""text"": ""b11102034@ntu.edu.tw"", ""expected_model_label"": ""private_email""}]",False,71,3,private_email,hinet.net、edu.tw、gov.tw、台灣公司網域,/data/tw-PII-bench/data/short.parquet,71,助教好，我是歷史系的[private_person]，學號是 [account_number]，期中考請假證明已經從我的信箱 [private_email] 寄出，請查收。,"[{""label"": ""private_person"", ""start"": 10, ""end"": 13, ""text"": ""林志明"", ""score"": 0.9}, {""label"": ""account_number"", ""start"": 18, ""end"": 27, ""text"": ""B11102034"", ""score"": 0.86}, {""label"": ""private_email"", ""start"": 43, ""end"": 63, ""text"": ""b11102034@ntu.edu.tw"", ""score"": 0.9}]"
a_private_email_004,short,A,private_email,,承辦人您好，我剛才用自然人憑證報稅失敗，出現錯誤碼，請再把解決步驟寄到我的備用信箱 kuo_ming_hui@yahoo.com.tw。,"[{""start"": 42, ""end"": 67, ""label"": ""private_email"", ""text"": ""kuo_ming_hui@yahoo.com.tw"", ""expected_model_label"": ""private_email""}]",False,68,1,private_email,hinet.net、edu.tw、gov.tw、台灣公司網域,/data/tw-PII-bench/data/short.parquet,68,承辦人您好，我剛才用自然人憑證報稅失敗，出現錯誤碼，請再把解決步驟寄到我的備用信箱 [private_email]。,"[{""label"": ""private_email"", ""start"": 42, ""end"": 67, ""text"": ""kuo_ming_hui@yahoo.com.tw"", ""score"": 0.9}]"
a_private_email_005,short,A,private_email,,房東太太，租賃契約的電子檔請寄到 alice_wu1995@gmail.com，我確認過沒問題就會把押金轉過去。,"[{""start"": 17, ""end"": 39, ""label"": ""private_email"", ""text"": ""alice_wu1995@gmail.com"", ""expected_model_label"": ""private_email""}]",False,56,1,private_email,hinet.net、edu.tw、gov.tw、台灣公司網域,/data/tw-PII-bench/data/short.parquet,56,房東太太，租賃契約的電子檔請寄到 [private_email]，我確認過沒問題就會把押金轉過去。,"[{""label"": ""private_email"", ""start"": 17, ""end"": 39, ""text"": ""alice_wu1995@gmail.com"", ""score"": 0.9}]"
a_private_email_006,short,A,private_email,,護理師你好，請問我的健檢報告可以直接寄電子檔給我就好嗎？我的 email 是 wang.chi.hua@hinet.net，就不用再跑一趟醫院了。,"[{""start"": 39, ""end"": 61, ""label"": ""private_email"", ""text"": ""wang.chi.hua@hinet.net"", ""expected_model_label"": ""private_email""}]",False,73,1,private_email,hinet.net、edu.tw、gov.tw、台灣公司網域,/data/tw-PII-bench/data/short.parquet,73,護理師你好，請問我的健檢報告可以直接寄電子檔給我就好嗎？我的 email 是 [private_email]，就不用再跑一趟醫院了。,"[{""label"": ""private_email"", ""start"": 39, ""end"": 61, ""text"": ""wang.chi.hua@hinet.net"", ""score"": 0.9}]"
a_private_email_007,short,A,private_email,,客服你好，我要更改信用卡帳單寄送的電子郵件，新的信箱是 jason_chang_tw@yahoo.com.tw，麻煩幫我更新。,"[{""start"": 28, ""end"": 55, ""label"": ""private_email"", ""text"": ""jason_chang_tw@yahoo.com.tw"", ""expected_model_label"": ""private_email""}]",False,63,1,private_email,hinet.net、edu.tw、gov.tw、台灣公司網域,/data/tw-PII-bench/data/short.parquet,63,客服你好，我要更改信用卡帳單寄送的電子郵件，新的信箱是 [private_email]，麻煩幫我更新。,"[{""label"": ""private_email"", ""start"": 28, ""end"": 55, ""text"": ""jason_chang_tw@yahoo.com.tw"", ""score"": 0.9}]"
a_private_email_008,short,A,private_email,,這是我們公司採購部陳經理的聯絡方式，報價單請直接寄給他：chen.manager@tsmc.com，有問題也可以加他的 LINE：chen_procurement。,"[{""start"": 9, ""end"": 12, ""label"": ""private_person"", ""text"": ""陳經理"", ""expected_model_label"": ""private_person""}, {""start"": 28, ""end"": 49, ""label"": ""private_email"", ""text"": ""chen.manager@tsmc.com"", ""expected_model_label"": ""private_email""}, {""start"": 65, ""end"": 81, ""label"": ""tw_line_id"", ""text"": ""chen_procurement"", ""expected_model_label"": ""private_url""}]",False,82,3,private_email,hinet.net、edu.tw、gov.tw、台灣公司網域,/data/tw-PII-bench/data/short.parquet,82,這是我們公司採購部陳經理的聯絡方式，報價單請直接寄給他：[private_email]，有問題也可以加他的 LINE：chen_procurement。,"[{""label"": ""private_email"", ""start"": 28, ""end"": 49, ""text"": ""chen.manager@tsmc.com"", ""score"": 0.9}]"
a_private_email_009,short,A,private_email,,員警您好，我剛剛已經把被詐騙的對話紀錄截圖，全都寄到分局的信箱了，我是用 victim_huang88@msa.hinet.net 這個帳號寄的。,"[{""start"": 37, ""end"": 65, ""label"": ""private_email"", ""text"": ""victim_huang88@msa.hinet.net"", ""expected_model_label"": ""private_email""}]",False,73,1,private_email,hinet.net、edu.tw、gov.tw、台灣公司網域,/data/tw-PII-bench/data/short.parquet,73,員警您好，我剛剛已經把被詐騙的對話紀錄截圖，全都寄到分局的信箱了，我是用 [private_email] 這個帳號寄的。,"[{""label"": ""private_email"", ""start"": 37, ""end"": 65, ""text"": ""victim_huang88@msa.hinet.net"", ""score"": 0.9}]"
a_private_email_010,short,A,private_email,,申辦光世代網路的合約書我已經簽好名了，如果還有缺什麼證件，請寄信到 kevinsun1982@hinet.net 通知我。,"[{""start"": 34, ""end"": 56, ""label"": ""private_email"", ""text"": ""kevinsun1982@hinet.net"", ""expected_model_label"": ""private_email""}]",False,61,1,private_email,hinet.net、edu.tw、gov.tw、台灣公司網域,/data/tw-PII-bench/data/short.parquet,61,申辦光世代網路的合約書我已經簽好名了，如果還有缺什麼證件，請寄信到 [private_email] 通知我。,"[{""label"": ""private_email"", ""start"": 34, ""end"": 56, ""text"": ""kevinsun1982@hinet.net"", ""score"": 0.9}]"
a_private_email_011,short,A,private_email,,嗨，我是剛剛在二手板跟你買 switch 的鄉民，我的 PTT 帳號是 nintendofan99，遊戲序號再麻煩寄到 nintendofan99@gmail.com 喔！,"[{""start"": 36, ""end"": 49, ""label"": ""tw_ptt_id"", ""text"": ""nintendofan99"", ""expected_model_label"": """"}, {""start"": 60, ""end"": 83, ""label"": ""private_email"", ""text"": ""nintendofan99@gmail.com"", ""expected_model_label"": ""private_email""}]",False,86,2,private_email,hinet.net、edu.tw、gov.tw、台灣公司網域,/data/tw-PII-bench/data/short.parquet,86,嗨，我是剛剛在二手板跟你買 switch 的鄉民，我的 PTT 帳號是 nintendofan99，遊戲序號再麻煩寄到 [private_email] 喔！,"[{""label"": ""private_email"", ""start"": 60, ""end"": 83, ""text"": ""nintendofan99@gmail.com"", ""score"": 0.9}]"
a_private_email_012,short,A,private_email,,報名表上的緊急聯絡人我填我太太李淑芬，她的聯絡信箱是 shufen_lee@nccu.edu.tw，手機號碼是 0933-123-456。,"[{""start"": 15, ""end"": 18, ""label"": ""private_person"", ""text"": ""李淑芬"", ""expected_model_label"": ""private_person""}, {""start"": 27, ""end"": 49, ""label"": ""private_email"", ""text"": ""shufen_lee@nccu.edu.tw"", ""expected_model_label"": ""private_email""}, {""start"": 56, ""end"": 68, ""label"": ""private_phone"", ""text"": ""0933-123-456"", ""expected_model_label"": ""private_phone""}]",False,69,3,private_email,hinet.net、edu.tw、gov.tw、台灣公司網域,/data/tw-PII-bench/data/short.parquet,69,報名表上的緊急聯絡人我填我太太李淑芬，她的聯絡信箱是 [private_email]，手機號碼是 [private_phone]。,"[{""label"": ""private_email"", ""start"": 27, ""end"": 49, ""text"": ""shufen_lee@nccu.edu.tw"", ""score"": 0.9}, {""label"": ""private_phone"", ""start"": 56, ""end"": 68, ""text"": ""0933-123-456"", ""score"": 0.9}]"
a_private_email_013,short,A,private_email,,理賠專員您好，車禍的初判表和醫療收據我都準備好了，請把理賠申請書的 PDF 檔寄到 david.wu.tw@yahoo.com.tw 給我列印。,"[{""start"": 42, ""end"": 66, ""label"": ""private_email"", ""text"": ""david.wu.tw@yahoo.com.tw"", ""expected_model_label"": ""private_email""}]",False,72,1,private_email,hinet.net、edu.tw、gov.tw、台灣公司網域,/data/tw-PII-bench/data/short.parquet,72,理賠專員您好，車禍的初判表和醫療收據我都準備好了，請把理賠申請書的 PDF 檔寄到 [private_email] 給我列印。,"[{""label"": ""private_email"", ""start"": 42, ""end"": 66, ""text"": ""david.wu.tw@yahoo.com.tw"", ""score"": 0.9}]"
a_private_email_014,short,A,private_email,,您好，我是區公所的張建國，這份公文的附件太大傳不過去，請改寄到我的公務信箱 ckchang@taipei.gov.tw。,"[{""start"": 9, ""end"": 12, ""label"": ""private_person"", ""text"": ""張建國"", ""expected_model_label"": ""private_person""}, {""start"": 38, ""end"": 59, ""label"": ""private_email"", ""text"": ""ckchang@taipei.gov.tw"", ""expected_model_label"": ""private_email""}]",False,60,2,private_email,hinet.net、edu.tw、gov.tw、台灣公司網域,/data/tw-PII-bench/data/short.parquet,60,您好，我是區公所的[private_person]，這份公文的附件太大傳不過去，請改寄到我的公務信箱 [private_email]。,"[{""label"": ""private_person"", ""start"": 9, ""end"": 12, ""text"": ""張建國"", ""score"": 0.9}, {""label"": ""private_email"", ""start"": 38, ""end"": 59, ""text"": ""ckchang@taipei.gov.tw"", ""score"": 0.9}]"
a_private_email_015,short,A,private_email,,你們物流到底在搞什麼？等了三天包裹都沒來，麻煩查明原因後回覆到我的信箱 angry_customer99@gmail.com，我不想一直打電話浪費電話費！,"[{""start"": 36, ""end"": 62, ""label"": ""private_email"", ""text"": ""angry_customer99@gmail.com"", ""expected_model_label"": ""private_email""}]",False,77,1,private_email,hinet.net、edu.tw、gov.tw、台灣公司網域,/data/tw-PII-bench/data/short.parquet,77,你們物流到底在搞什麼？等了三天包裹都沒來，麻煩查明原因後回覆到我的信箱 [private_email]，我不想一直打電話浪費電話費！,"[{""label"": ""private_email"", ""start"": 36, ""end"": 62, ""text"": ""angry_customer99@gmail.com"", ""score"": 0.9}]"
a_private_email_016,short,A,private_email,,客服您好，我的遊戲帳號忘記密碼了，綁定的身分證是 A123456789，請把密碼重置信寄到當初註冊的 gamer_boy2000@yahoo.com.tw。,"[{""start"": 25, ""end"": 35, ""label"": ""tw_national_id"", ""text"": ""A123456789"", ""expected_model_label"": ""account_number""}, {""start"": 51, ""end"": 77, ""label"": ""private_email"", ""text"": ""gamer_boy2000@yahoo.com.tw"", ""expected_model_label"": ""private_email""}]",False,78,2,private_email,hinet.net、edu.tw、gov.tw、台灣公司網域,/data/tw-PII-bench/data/short.parquet,78,客服您好，我的遊戲帳號忘記密碼了，綁定的身分證是 [account_number]，請把密碼[secret] [private_email]。,"[{""label"": ""account_number"", ""start"": 25, ""end"": 35, ""text"": ""A123456789"", ""score"": 0.86}, {""label"": ""secret"", ""start"": 40, ""end"": 50, ""text"": ""重置信寄到當初註冊的"", ""score"": 0.86}, {""label"": ""private_email"", ""start"": 51, ""end"": 77, ""text"": ""gamer_boy2000@yahoo.com.tw"", ""score"": 0.9}]"
a_private_email_017,short,A,private_email,,我要取消下個月的健身房會籍，當初留的會員信箱是 muscle_maniac@msa.hinet.net，請確認取消後寄一封通知信給我。,"[{""start"": 24, ""end"": 51, ""label"": ""private_email"", ""text"": ""muscle_maniac@msa.hinet.net"", ""expected_model_label"": ""private_email""}]",False,67,1,private_email,hinet.net、edu.tw、gov.tw、台灣公司網域,/data/tw-PII-bench/data/short.parquet,67,我要取消下個月的健身房會籍，當初留的會員信箱是 [private_email]，請確認取消後寄一封通知信給我。,"[{""label"": ""private_email"", ""start"": 24, ""end"": 51, ""text"": ""muscle_maniac@msa.hinet.net"", ""score"": 0.9}]"
a_private_email_018,short,A,private_email,,房仲你好，我對昨天看的那間信義區三房很有興趣，產權說明書跟格局圖可以先寄到 house_hunter_tw@gmail.com 讓我參考嗎？,"[{""start"": 38, ""end"": 63, ""label"": ""private_email"", ""text"": ""house_hunter_tw@gmail.com"", ""expected_model_label"": ""private_email""}]",False,70,1,private_email,hinet.net、edu.tw、gov.tw、台灣公司網域,/data/tw-PII-bench/data/short.parquet,70,房仲你好，我對昨天看的那間信義區三房很有興趣，產權說明書跟格局圖可以先寄到 [private_email] 讓我參考嗎？,"[{""label"": ""private_email"", ""start"": 38, ""end"": 63, ""text"": ""house_hunter_tw@gmail.com"", ""score"": 0.9}]"
a_private_email_019,short,A,private_email,,請問圖書館的逾期罰款可以線上刷卡嗎？因為我一直沒收到通知，後來才發現它跑到 b10901022@ntu.edu.tw 的垃圾信件匣了。,"[{""start"": 38, ""end"": 58, ""label"": ""private_email"", ""text"": ""b10901022@ntu.edu.tw"", ""expected_model_label"": ""private_email""}]",False,67,1,private_email,hinet.net、edu.tw、gov.tw、台灣公司網域,/data/tw-PII-bench/data/short.parquet,67,請問圖書館的逾期罰款可以線上刷卡嗎？因為我一直沒收到通知，後來才發現它跑到 [private_email] 的垃圾信件匣了。,"[{""label"": ""private_email"", ""start"": 38, ""end"": 58, ""text"": ""b10901022@ntu.edu.tw"", ""score"": 0.9}]"
a_private_email_020,short,A,private_email,,因為颱風班機被取消，我想改票到明天下午的長榮航班，確認信請寄到 traveler.chen@hinet.net，護照號碼是 312456789。,"[{""start"": 32, ""end"": 55, ""label"": ""private_email"", ""text"": ""traveler.chen@hinet.net"", ""expected_model_label"": ""private_email""}, {""start"": 62, ""end"": 71, ""label"": ""tw_passport"", ""text"": ""312456789"", ""expected_model_label"": ""account_number""}]",False,72,2,private_email,hinet.net、edu.tw、gov.tw、台灣公司網域,/data/tw-PII-bench/data/short.parquet,72,因為颱風班機被取消，我想改票到明天下午的長榮航班，確認信請寄到 [private_email]，護照號碼是 312456789。,"[{""label"": ""private_email"", ""start"": 32, ""end"": 55, ""text"": ""traveler.chen@hinet.net"", ""score"": 0.9}]"
a_private_person_001,short,A,private_person,,您好，我是陳俊宏，昨天有在104投遞貴公司的軟體工程師職缺，想詢問面試進度，我的聯絡電話是0912-345-678。,"[{""start"": 5, ""end"": 8, ""label"": ""private_person"", ""text"": ""陳俊宏"", ""expected_model_label"": ""private_person""}, {""start"": 45, ""end"": 57, ""label"": ""private_phone"", ""text"": ""0912-345-678"", ""expected_model_label"": ""private_phone""}]",False,58,2,private_person,中文姓名、複姓、原住民名、含職稱、英文音譯,/data/tw-PII-bench/data/short.parquet,58,您好，我是[private_person]，昨天有在104投遞貴公司的軟體工程師職缺，想詢問面試進度，我的聯絡電話是[private_phone]。,"[{""label"": ""private_person"", ""start"": 5, ""end"": 8, ""text"": ""陳俊宏"", ""score"": 0.82}, {""label"": ""private_phone"", ""start"": 45, ""end"": 57, ""text"": ""0912-345-678"", ""score"": 0.9}]"
a_private_person_002,short,A,private_person,,麻煩幫我把包裹寄到高雄市三民區建國二路99號3樓，收件人填林雅婷就可以了。,"[{""start"": 9, ""end"": 24, ""label"": ""private_address"", ""text"": ""高雄市三民區建國二路99號3樓"", ""expected_model_label"": ""private_address""}, {""start"": 29, ""end"": 32, ""label"": ""private_person"", ""text"": ""林雅婷"", ""expected_model_label"": ""private_person""}]",False,37,2,private_person,中文姓名、複姓、原住民名、含職稱、英文音譯,/data/tw-PII-bench/data/short.parquet,37,麻煩幫我把包裹寄[private_address]，收件人填林雅婷就可以了。,"[{""label"": ""private_address"", ""start"": 8, ""end"": 24, ""text"": ""到高雄市三民區建國二路99號3樓"", ""score"": 0.86}]"
a_private_person_003,short,A,private_person,,請問是客服中心嗎？我是歐陽伯遠，我上週辦理的寬頻網路到現在都還沒來裝機，可以幫我查一下嗎？,"[{""start"": 11, ""end"": 15, ""label"": ""private_person"", ""text"": ""歐陽伯遠"", ""expected_model_label"": ""private_person""}]",False,45,1,private_person,中文姓名、複姓、原住民名、含職稱、英文音譯,/data/tw-PII-bench/data/short.parquet,45,請問是客服中心嗎？我是[private_person]，我上週辦理的寬頻網路到現在都還沒來裝機，可以幫我查一下嗎？,"[{""label"": ""private_person"", ""start"": 11, ""end"": 15, ""text"": ""歐陽伯遠"", ""score"": 0.82}]"
a_private_person_004,short,A,private_person,,房東你好，我是司馬玉嬌，這個月的房租已經匯過去了，帳號末五碼是45678，再麻煩確認一下。,"[{""start"": 7, ""end"": 11, ""label"": ""private_person"", ""text"": ""司馬玉嬌"", ""expected_model_label"": ""private_person""}, {""start"": 31, ""end"": 36, ""label"": ""account_number"", ""text"": ""45678"", ""expected_model_label"": ""account_number""}]",False,45,2,private_person,中文姓名、複姓、原住民名、含職稱、英文音譯,/data/tw-PII-bench/data/short.parquet,45,房東你好，我是[private_person]，這個月的房租已經匯過去了，帳號末五碼是[account_number]，再麻煩確認一下。,"[{""label"": ""private_person"", ""start"": 7, ""end"": 11, ""text"": ""司馬玉嬌"", ""score"": 0.82}, {""label"": ""account_number"", ""start"": 31, ""end"": 36, ""text"": ""45678"", ""score"": 0.78}]"
a_private_person_005,short,A,private_person,,關於那筆保單退款，上官浩然先生已經在112年4月15日臨櫃辦理完畢了，保單號碼是AB987654321。,"[{""start"": 9, ""end"": 15, ""label"": ""private_person"", ""text"": ""上官浩然先生"", ""expected_model_label"": ""private_person""}, {""start"": 18, ""end"": 27, ""label"": ""private_date"", ""text"": ""112年4月15日"", ""expected_model_label"": ""private_date""}, {""start"": 40, ""end"": 51, ""label"": ""account_number"", ""text"": ""AB987654321"", ""expected_model_label"": ""account_number""}]",False,52,3,private_person,中文姓名、複姓、原住民名、含職稱、英文音譯,/data/tw-PII-bench/data/short.parquet,52,關於那筆保單退款，上官浩然先生已經在[private_date]臨櫃辦理完畢了，保單號碼是AB987654321。,"[{""label"": ""private_date"", ""start"": 18, ""end"": 27, ""text"": ""112年4月15日"", ""score"": 0.82}]"
a_private_person_006,short,A,private_person,,護理師您好，我要幫撒韵·武荖掛號，她的身分證字號是U234567891，初診表我已經填好了。,"[{""start"": 9, ""end"": 14, ""label"": ""private_person"", ""text"": ""撒韵·武荖"", ""expected_model_label"": ""private_person""}, {""start"": 25, ""end"": 35, ""label"": ""tw_national_id"", ""text"": ""U234567891"", ""expected_model_label"": ""account_number""}]",False,46,2,private_person,中文姓名、複姓、原住民名、含職稱、英文音譯,/data/tw-PII-bench/data/short.parquet,46,護理師您好，我要幫撒韵·武荖掛號，她的身分證字號是U234567891，初診表我已經填好了。,[]
a_private_person_007,short,A,private_person,,這是原民會補助的申請表，申請人請填寫羅馬拼音的傳統姓名，像我是填Ihot Sinlay，然後附上戶籍謄本。,"[{""start"": 32, ""end"": 43, ""label"": ""private_person"", ""text"": ""Ihot Sinlay"", ""expected_model_label"": ""private_person""}]",False,53,1,private_person,中文姓名、複姓、原住民名、含職稱、英文音譯,/data/tw-PII-bench/data/short.parquet,53,這是原民會補助的申請表，申請人請填寫羅馬拼音的傳統姓名，像我是填Ihot Sinlay，然後附上戶籍謄本。,[]
a_private_person_008,short,A,private_person,,請問一下，Lowking的健保卡是不是掉在你們診所？卡號是000012345678，如果有我們晚點過去拿。,"[{""start"": 5, ""end"": 12, ""label"": ""private_person"", ""text"": ""Lowking"", ""expected_model_label"": ""private_person""}, {""start"": 29, ""end"": 41, ""label"": ""tw_nhi_card"", ""text"": ""000012345678"", ""expected_model_label"": ""account_number""}]",False,53,2,private_person,中文姓名、複姓、原住民名、含職稱、英文音譯,/data/tw-PII-bench/data/short.parquet,53,請問一下，Lowking的健保卡是不是掉在你們診所？卡號是[private_phone]，如果有我們晚點過去拿。,"[{""label"": ""private_phone"", ""start"": 29, ""end"": 41, ""text"": ""000012345678"", ""score"": 0.82}]"
a_private_person_009,short,A,private_person,,信用卡授權書上的英文姓名必須和護照相同，請確認填寫的是Lin Chia-Hao，否則銀行會退件。,"[{""start"": 27, ""end"": 39, ""label"": ""private_person"", ""text"": ""Lin Chia-Hao"", ""expected_model_label"": ""private_person""}]",False,48,1,private_person,中文姓名、複姓、原住民名、含職稱、英文音譯,/data/tw-PII-bench/data/short.parquet,48,信用卡授權書上的英文姓名必須和護照相同，請確認填寫的是Lin Chia-Hao，否則銀行會退件。,[]
a_private_person_010,short,A,private_person,,您好，我是Chen Mei-Ling，之前有致電詢問過退稅的流程，想確認我的文件是否已經審核通過。,"[{""start"": 5, ""end"": 18, ""label"": ""private_person"", ""text"": ""Chen Mei-Ling"", ""expected_model_label"": ""private_person""}]",False,49,1,private_person,中文姓名、複姓、原住民名、含職稱、英文音譯,/data/tw-PII-bench/data/short.parquet,49,您好，我是Chen Mei-Ling，之前有致電詢問過退稅的流程，想確認我的文件是否已經審核通過。,[]
a_private_person_011,short,A,private_person,,這次出差的機票已經訂好了，乘客名單有Wang Hsiao-Ming和Lee Ting-Yu，電子機票會寄到你們信箱。,"[{""start"": 18, ""end"": 33, ""label"": ""private_person"", ""text"": ""Wang Hsiao-Ming"", ""expected_model_label"": ""private_person""}, {""start"": 34, ""end"": 45, ""label"": ""private_person"", ""text"": ""Lee Ting-Yu"", ""expected_model_label"": ""private_person""}]",False,58,2,private_person,中文姓名、複姓、原住民名、含職稱、英文音譯,/data/tw-PII-bench/data/short.parquet,58,這次出差的機票已經訂好了，乘客名單有Wang Hsiao-Ming和Lee Ting-Yu，電子機票會寄到你們信箱。,[]
a_private_person_012,short,A,private_person,,昨天下午去看診的時候，張嘉文醫師非常的親切，解說病情也很詳細，真的很感謝他。,"[{""start"": 11, ""end"": 16, ""label"": ""private_person"", ""text"": ""張嘉文醫師"", ""expected_model_label"": ""private_person""}]",False,38,1,private_person,中文姓名、複姓、原住民名、含職稱、英文音譯,/data/tw-PII-bench/data/short.parquet,38,昨天下午去看診的時候，張嘉文醫師非常的親切，解說病情也很詳細，真的很感謝他。,[]
a_private_person_013,short,A,private_person,,你好，我要找陳建國里長，請問他現在在辦公室嗎？我們社區的監視器好像壞掉了需要報修。,"[{""start"": 6, ""end"": 11, ""label"": ""private_person"", ""text"": ""陳建國里長"", ""expected_model_label"": ""private_person""}]",False,41,1,private_person,中文姓名、複姓、原住民名、含職稱、英文音譯,/data/tw-PII-bench/data/short.parquet,41,你好，我要找陳建國里長，請問他現在在辦公室嗎？我們社區的監視器好像壞掉了需要報修。,[]
a_private_person_014,short,A,private_person,,這份專案企劃書已經給林淑芬教授過目了，她的醫事人員字號是醫字第098765號，確認符合申請資格。,"[{""start"": 10, ""end"": 15, ""label"": ""private_person"", ""text"": ""林淑芬教授"", ""expected_model_label"": ""private_person""}, {""start"": 28, ""end"": 38, ""label"": ""tw_medical_license"", ""text"": ""醫字第098765號"", ""expected_model_label"": ""account_number""}]",False,48,2,private_person,中文姓名、複姓、原住民名、含職稱、英文音譯,/data/tw-PII-bench/data/short.parquet,48,這份專案企劃書已經給林淑芬教授過目了，她的醫事人員字號是醫字第098765號，確認符合申請資格。,[]
a_private_person_015,short,A,private_person,,警察先生您好，我是王大明先生，我的車牌ABC-1234剛剛在停車場被別人擦撞了，想要報案。,"[{""start"": 9, ""end"": 14, ""label"": ""private_person"", ""text"": ""王大明先生"", ""expected_model_label"": ""private_person""}, {""start"": 19, ""end"": 27, ""label"": ""tw_license_plate"", ""text"": ""ABC-1234"", ""expected_model_label"": """"}]",False,45,2,private_person,中文姓名、複姓、原住民名、含職稱、英文音譯,/data/tw-PII-bench/data/short.parquet,45,警察先生您好，我是王大明先生，我的車牌ABC-1234剛剛在停車場被別人擦撞了，想要報案。,[]
a_private_person_016,short,A,private_person,,你可以直接加我的LINE，ID是@johnny885，跟李宗翰確認好簽約時間再跟我說。,"[{""start"": 16, ""end"": 26, ""label"": ""tw_line_id"", ""text"": ""@johnny885"", ""expected_model_label"": ""private_url""}, {""start"": 28, ""end"": 31, ""label"": ""private_person"", ""text"": ""李宗翰"", ""expected_model_label"": ""private_person""}]",False,43,2,private_person,中文姓名、複姓、原住民名、含職稱、英文音譯,/data/tw-PII-bench/data/short.parquet,43,你可以直接加我的LINE，ID是@johnny885，跟李宗翰確認好簽約時間再跟我說。,[]
a_private_person_017,short,A,private_person,,我在PTT的帳號是a1234567，昨天有發文問過租屋的問題，黃柏鈞有寄站內信給我提供資訊。,"[{""start"": 9, ""end"": 17, ""label"": ""tw_ptt_id"", ""text"": ""a1234567"", ""expected_model_label"": """"}, {""start"": 31, ""end"": 34, ""label"": ""private_person"", ""text"": ""黃柏鈞"", ""expected_model_label"": ""private_person""}]",False,46,2,private_person,中文姓名、複姓、原住民名、含職稱、英文音譯,/data/tw-PII-bench/data/short.parquet,46,我在PTT的帳號是[account_number]，昨天有發文問過租屋的問題，黃柏鈞有寄站內信給我提供資訊。,"[{""label"": ""account_number"", ""start"": 9, ""end"": 17, ""text"": ""a1234567"", ""score"": 0.78}]"
a_private_person_018,short,A,private_person,,那個包裹的收件人寫周冠宇，但電話號碼留的是04-23456789，這應該是市話吧，物流司機會打不通。,"[{""start"": 9, ""end"": 12, ""label"": ""private_person"", ""text"": ""周冠宇"", ""expected_model_label"": ""private_person""}, {""start"": 21, ""end"": 32, ""label"": ""private_phone"", ""text"": ""04-23456789"", ""expected_model_label"": ""private_phone""}]",False,50,2,private_person,中文姓名、複姓、原住民名、含職稱、英文音譯,/data/tw-PII-bench/data/short.parquet,50,那個包裹的收件人寫周冠宇，但電話號碼留的是[private_phone]，這應該是市話吧，物流司機會打不通。,"[{""label"": ""private_phone"", ""start"": 21, ""end"": 32, ""text"": ""04-23456789"", ""score"": 0.82}]"
a_private_person_019,short,A,private_person,,報稅系統登入需要輸入戶號，吳柏毅的戶口名簿戶號是A1234567，你幫我輸入一下。,"[{""start"": 13, ""end"": 16, ""label"": ""private_person"", ""text"": ""吳柏毅"", ""expected_model_label"": ""private_person""}, {""start"": 24, ""end"": 32, ""label"": ""tw_household_no"", ""text"": ""A1234567"", ""expected_model_label"": ""account_number""}]",False,41,2,private_person,中文姓名、複姓、原住民名、含職稱、英文音譯,/data/tw-PII-bench/data/short.parquet,41,報稅系統登入需要輸入戶號，吳柏毅的戶口名簿戶號是A1234567，你幫我輸入一下。,[]
a_private_person_020,short,A,private_person,,麻煩將電子發票開立給統編53094411，聯絡人請填蔡佳玲經理，電子郵件是chia.ling@gmail.com。,"[{""start"": 12, ""end"": 20, ""label"": ""tw_company_id"", ""text"": ""53094411"", ""expected_model_label"": ""account_number""}, {""start"": 26, ""end"": 31, ""label"": ""private_person"", ""text"": ""蔡佳玲經理"", ""expected_model_label"": ""private_person""}, {""start"": 37, ""end"": 56, ""label"": ""private_email"", ""text"": ""chia.ling@gmail.com"", ""expected_model_label"": ""private_email""}]",False,57,3,private_person,中文姓名、複姓、原住民名、含職稱、英文音譯,/data/tw-PII-bench/data/short.parquet,57,麻煩將電子發票開立給統編53094411，聯絡人請填蔡佳玲經理，電子郵件是chia[private_email]。,"[{""label"": ""private_email"", ""start"": 41, ""end"": 56, ""text"": "".ling@gmail.com"", ""score"": 0.9}]"
a_private_phone_001,short,A,private_phone,,你好，這裡是黑貓宅急便，請問陳先生在家嗎？我剛剛打你的手機 0912-345-678 沒人接。,"[{""start"": 14, ""end"": 17, ""label"": ""private_person"", ""text"": ""陳先生"", ""expected_model_label"": ""private_person""}, {""start"": 30, ""end"": 42, ""label"": ""private_phone"", ""text"": ""0912-345-678"", ""expected_model_label"": ""private_phone""}]",False,47,2,private_phone,09xx 手機、各區碼市話、0800,/data/tw-PII-bench/data/short.parquet,47,你好，這裡是黑貓宅急便，請問陳先生在家嗎？我剛剛打你的手機 [private_phone] 沒人接。,"[{""label"": ""private_phone"", ""start"": 30, ""end"": 42, ""text"": ""0912-345-678"", ""score"": 0.9}]"
a_private_phone_002,short,A,private_phone,,護理師您好，我想幫我女兒預約掛號，初診的話可以留我的聯絡電話 0987654321 嗎？,"[{""start"": 31, ""end"": 41, ""label"": ""private_phone"", ""text"": ""0987654321"", ""expected_model_label"": ""private_phone""}]",False,44,1,private_phone,09xx 手機、各區碼市話、0800,/data/tw-PII-bench/data/short.parquet,44,護理師您好，我想幫我女兒預約掛號，初診的話可以留我的聯絡電話 [private_phone] 嗎？,"[{""label"": ""private_phone"", ""start"": 31, ""end"": 41, ""text"": ""0987654321"", ""score"": 0.9}]"
a_private_phone_003,short,A,private_phone,,房東太太你好，我是剛剛看房的林志明，如果確定要租的話，請打這支市話 (02)2765-4321 找我。,"[{""start"": 14, ""end"": 17, ""label"": ""private_person"", ""text"": ""林志明"", ""expected_model_label"": ""private_person""}, {""start"": 34, ""end"": 47, ""label"": ""private_phone"", ""text"": ""(02)2765-4321"", ""expected_model_label"": ""private_phone""}]",False,51,2,private_phone,09xx 手機、各區碼市話、0800,/data/tw-PII-bench/data/short.parquet,51,房東太太你好，我是剛剛看房的[private_person]，如果確定要租的話，請打這支市話 (02)2765-4321 找我。,"[{""label"": ""private_person"", ""start"": 14, ""end"": 17, ""text"": ""林志明"", ""score"": 0.9}]"
a_private_phone_004,short,A,private_phone,,客服您好，我剛打 0800-000-123 都忙線，我的信用卡號是 4311 9522 2222 3333，掛失後請聯絡 0933-111-222。,"[{""start"": 34, ""end"": 53, ""label"": ""account_number"", ""text"": ""4311 9522 2222 3333"", ""expected_model_label"": ""account_number""}, {""start"": 61, ""end"": 73, ""label"": ""private_phone"", ""text"": ""0933-111-222"", ""expected_model_label"": ""private_phone""}]",False,74,2,private_phone,09xx 手機、各區碼市話、0800,/data/tw-PII-bench/data/short.parquet,74,客服您好，我剛打 [private_phone] 都忙線，我的信用卡號是 [account_number]，掛失後請聯絡 [private_phone]。,"[{""label"": ""private_phone"", ""start"": 9, ""end"": 21, ""text"": ""0800-000-123"", ""score"": 0.9}, {""label"": ""account_number"", ""start"": 34, ""end"": 53, ""text"": ""4311 9522 2222 3333"", ""score"": 0.88}, {""label"": ""private_phone"", ""start"": 61, ""end"": 73, ""text"": ""0933-111-222"", ""score"": 0.9}]"
a_private_phone_005,short,A,private_phone,,您好，這是我投遞應徵行銷企劃的履歷，有任何面試通知請寄到 johnlin88@gmail.com 或撥打 0910-999-888。,"[{""start"": 29, ""end"": 48, ""label"": ""private_email"", ""text"": ""johnlin88@gmail.com"", ""expected_model_label"": ""private_email""}, {""start"": 53, ""end"": 65, ""label"": ""private_phone"", ""text"": ""0910-999-888"", ""expected_model_label"": ""private_phone""}]",False,66,2,private_phone,09xx 手機、各區碼市話、0800,/data/tw-PII-bench/data/short.parquet,66,您好，這是我投遞應徵行銷企劃的履歷，有任何面試通知請寄到 [private_email] 或撥打 [private_phone]。,"[{""label"": ""private_email"", ""start"": 29, ""end"": 48, ""text"": ""johnlin88@gmail.com"", ""score"": 0.9}, {""label"": ""private_phone"", ""start"": 53, ""end"": 65, ""text"": ""0910-999-888"", ""score"": 0.9}]"
a_private_phone_006,short,A,private_phone,,我收到蝦皮買的衣服了但尺寸不合，退貨單上的聯絡人是填王大明，電話留 04-23456789 對嗎？,"[{""start"": 26, ""end"": 29, ""label"": ""private_person"", ""text"": ""王大明"", ""expected_model_label"": ""private_person""}, {""start"": 34, ""end"": 45, ""label"": ""private_phone"", ""text"": ""04-23456789"", ""expected_model_label"": ""private_phone""}]",False,49,2,private_phone,09xx 手機、各區碼市話、0800,/data/tw-PII-bench/data/short.parquet,49,我收到蝦皮買的衣服了但尺寸不合，退貨單上的聯絡人是[private_person]，電話留 [private_phone] 對嗎？,"[{""label"": ""private_person"", ""start"": 25, ""end"": 29, ""text"": ""填王大明"", ""score"": 0.72}, {""label"": ""private_phone"", ""start"": 34, ""end"": 45, ""text"": ""04-23456789"", ""score"": 0.82}]"
a_private_phone_007,short,A,private_phone,,警察先生我要報案，剛剛在路口有一台車牌 ABC-1234 的車肇事逃逸，我的聯絡電話是 0955-555-666。,"[{""start"": 20, ""end"": 28, ""label"": ""tw_license_plate"", ""text"": ""ABC-1234"", ""expected_model_label"": """"}, {""start"": 44, ""end"": 56, ""label"": ""private_phone"", ""text"": ""0955-555-666"", ""expected_model_label"": ""private_phone""}]",False,57,2,private_phone,09xx 手機、各區碼市話、0800,/data/tw-PII-bench/data/short.parquet,57,警察先生我要報案，剛剛在路口有一台車牌 ABC-1234 的車肇事逃逸，我的聯絡電話是 [private_phone]。,"[{""label"": ""private_phone"", ""start"": 44, ""end"": 56, ""text"": ""0955-555-666"", ""score"": 0.9}]"
a_private_phone_008,short,A,private_phone,,中華電信您好，我要申請市話移機，新地址是桃園市中壢區中正路100號，請聯絡我先生的手機 0977123123。,"[{""start"": 20, ""end"": 33, ""label"": ""private_address"", ""text"": ""桃園市中壢區中正路100號"", ""expected_model_label"": ""private_address""}, {""start"": 44, ""end"": 54, ""label"": ""private_phone"", ""text"": ""0977123123"", ""expected_model_label"": ""private_phone""}]",False,55,2,private_phone,09xx 手機、各區碼市話、0800,/data/tw-PII-bench/data/short.parquet,55,中華電信您好，我要申請市話移機，新地址[private_address]，請聯絡我先生的手機 [private_phone]。,"[{""label"": ""private_address"", ""start"": 19, ""end"": 33, ""text"": ""是桃園市中壢區中正路100號"", ""score"": 0.86}, {""label"": ""private_phone"", ""start"": 44, ""end"": 54, ""text"": ""0977123123"", ""score"": 0.9}]"
a_private_phone_009,short,A,private_phone,,老闆娘我要訂明晚六點的八人包廂，我姓張，電話是 0988-777-666，麻煩幫我排靠窗的位置。,"[{""start"": 18, ""end"": 19, ""label"": ""private_person"", ""text"": ""張"", ""expected_model_label"": ""private_person""}, {""start"": 24, ""end"": 36, ""label"": ""private_phone"", ""text"": ""0988-777-666"", ""expected_model_label"": ""private_phone""}]",False,48,2,private_phone,09xx 手機、各區碼市話、0800,/data/tw-PII-bench/data/short.parquet,48,老闆娘我要訂明晚六點的八人包廂，我姓張，電話是 [private_phone]，麻煩幫我排靠窗的位置。,"[{""label"": ""private_phone"", ""start"": 24, ""end"": 36, ""text"": ""0988-777-666"", ""score"": 0.9}]"
a_private_phone_010,short,A,private_phone,,老師您好，我是小華的媽媽，他今天發燒要請假，如果有急事可以打家裡電話 03-4567890 找我。,"[{""start"": 7, ""end"": 9, ""label"": ""private_person"", ""text"": ""小華"", ""expected_model_label"": ""private_person""}, {""start"": 35, ""end"": 45, ""label"": ""private_phone"", ""text"": ""03-4567890"", ""expected_model_label"": ""private_phone""}]",False,49,2,private_phone,09xx 手機、各區碼市話、0800,/data/tw-PII-bench/data/short.parquet,49,老師您好，我是小華的[private_person]，他今天發燒要請假，如果有急事可以打家裡電話 [private_phone] 找我。,"[{""label"": ""private_person"", ""start"": 10, ""end"": 12, ""text"": ""媽媽"", ""score"": 0.9}, {""label"": ""private_phone"", ""start"": 35, ""end"": 45, ""text"": ""03-4567890"", ""score"": 0.82}]"
a_private_phone_011,short,A,private_phone,,理賠專員您好，我的保單號碼是 A123456789，如果有缺漏的文件請打 0900-112-233 通知我補件。,"[{""start"": 15, ""end"": 25, ""label"": ""account_number"", ""text"": ""A123456789"", ""expected_model_label"": ""account_number""}, {""start"": 37, ""end"": 49, ""label"": ""private_phone"", ""text"": ""0900-112-233"", ""expected_model_label"": ""private_phone""}]",False,56,2,private_phone,09xx 手機、各區碼市話、0800,/data/tw-PII-bench/data/short.parquet,56,理賠專員您好，我的保單號碼是 [account_number]，如果有缺漏的文件請打 [private_phone] 通知我補件。,"[{""label"": ""account_number"", ""start"": 15, ""end"": 25, ""text"": ""A123456789"", ""score"": 0.86}, {""label"": ""private_phone"", ""start"": 37, ""end"": 49, ""text"": ""0900-112-233"", ""score"": 0.9}]"
a_private_phone_012,short,A,private_phone,,工程師您好，我的筆電開不了機，維修單號是 R9876543，修好的話可以打 037-123456 叫我去拿嗎？,"[{""start"": 21, ""end"": 29, ""label"": ""account_number"", ""text"": ""R9876543"", ""expected_model_label"": ""account_number""}, {""start"": 38, ""end"": 48, ""label"": ""private_phone"", ""text"": ""037-123456"", ""expected_model_label"": ""private_phone""}]",False,55,2,private_phone,09xx 手機、各區碼市話、0800,/data/tw-PII-bench/data/short.parquet,55,工程師您好，我的筆電開不了機，維修單號是 R9876543，修好的話可以打 037-123456 叫我去拿嗎？,[]
a_private_phone_013,short,A,private_phone,,信義房屋的李專員你好，我對那間三房兩廳有興趣，可以加我的 LINE @housebuy123 或打 0922-333-444 跟我約看屋嗎？,"[{""start"": 5, ""end"": 8, ""label"": ""private_person"", ""text"": ""李專員"", ""expected_model_label"": ""private_person""}, {""start"": 34, ""end"": 46, ""label"": ""tw_line_id"", ""text"": ""@housebuy123"", ""expected_model_label"": ""private_url""}, {""start"": 50, ""end"": 62, ""label"": ""private_phone"", ""text"": ""0922-333-444"", ""expected_model_label"": ""private_phone""}]",False,70,3,private_phone,09xx 手機、各區碼市話、0800,/data/tw-PII-bench/data/short.parquet,70,信義房屋的李專員你好，我對那間三房兩廳有興趣，可以加我的 LINE @housebuy123 或打 [private_phone] 跟我約看屋嗎？,"[{""label"": ""private_phone"", ""start"": 50, ""end"": 62, ""text"": ""0922-333-444"", ""score"": 0.9}]"
a_private_phone_014,short,A,private_phone,,您好，我要查詢民國112年5月10日的健檢報告，我的身分證字號是 F123456789，當初留的電話是 0911-222-333。,"[{""start"": 7, ""end"": 18, ""label"": ""private_date"", ""text"": ""民國112年5月10日"", ""expected_model_label"": ""private_date""}, {""start"": 33, ""end"": 43, ""label"": ""tw_national_id"", ""text"": ""F123456789"", ""expected_model_label"": ""account_number""}, {""start"": 52, ""end"": 64, ""label"": ""private_phone"", ""text"": ""0911-222-333"", ""expected_model_label"": ""private_phone""}]",False,65,3,private_phone,09xx 手機、各區碼市話、0800,/data/tw-PII-bench/data/short.parquet,65,您好，我要查詢[private_date]的健檢報告，我的身分證字號是 [account_number]，當初留的電話是 [private_phone]。,"[{""label"": ""private_date"", ""start"": 7, ""end"": 18, ""text"": ""民國112年5月10日"", ""score"": 0.82}, {""label"": ""account_number"", ""start"": 33, ""end"": 43, ""text"": ""F123456789"", ""score"": 0.86}, {""label"": ""private_phone"", ""start"": 52, ""end"": 64, ""text"": ""0911-222-333"", ""score"": 0.9}]"
a_private_phone_015,short,A,private_phone,,保養廠老闆你好，我的車子冷氣不冷，明天早上牽過去給你看，你可以打 049-2345678 跟我報價嗎？,"[{""start"": 33, ""end"": 44, ""label"": ""private_phone"", ""text"": ""049-2345678"", ""expected_model_label"": ""private_phone""}]",False,51,1,private_phone,09xx 手機、各區碼市話、0800,/data/tw-PII-bench/data/short.parquet,51,保養廠老闆你好，我的車子冷氣不冷，明天早上牽過去給你看，你可以打 [private_phone] 跟我報價嗎？,"[{""label"": ""private_phone"", ""start"": 33, ""end"": 44, ""text"": ""049-2345678"", ""score"": 0.82}]"
a_private_phone_016,short,A,private_phone,,國稅局您好，我要詢問房屋稅的問題，稅籍編號是 01234567890，如果有需要本人說明的可以打 06-1234567。,"[{""start"": 23, ""end"": 34, ""label"": ""tw_household_no"", ""text"": ""01234567890"", ""expected_model_label"": ""account_number""}, {""start"": 49, ""end"": 59, ""label"": ""private_phone"", ""text"": ""06-1234567"", ""expected_model_label"": ""private_phone""}]",False,60,2,private_phone,09xx 手機、各區碼市話、0800,/data/tw-PII-bench/data/short.parquet,60,國稅局您好，我要詢問房屋稅的問題，稅籍編號是 [private_phone]，如果有需要本人說明的可以打 [private_phone]。,"[{""label"": ""private_phone"", ""start"": 23, ""end"": 34, ""text"": ""01234567890"", ""score"": 0.82}, {""label"": ""private_phone"", ""start"": 49, ""end"": 59, ""text"": ""06-1234567"", ""score"": 0.82}]"
a_private_phone_017,short,A,private_phone,,好市多客服您好，我要更改會員資料，把原本的市話改成手機 0966-777-888，這樣才收得到簡訊。,"[{""start"": 28, ""end"": 40, ""label"": ""private_phone"", ""text"": ""0966-777-888"", ""expected_model_label"": ""private_phone""}]",False,50,1,private_phone,09xx 手機、各區碼市話、0800,/data/tw-PII-bench/data/short.parquet,50,好市多客服您好，我要更改會員資料，把原本的市話改成手機 [private_phone]，這樣才收得到簡訊。,"[{""label"": ""private_phone"", ""start"": 28, ""end"": 40, ""text"": ""0966-777-888"", ""score"": 0.9}]"
a_private_phone_018,short,A,private_phone,,台鐵失物招領處您好，我昨天在自強號上掉了一個黑色錢包，如果有人撿到請打 0939-987-654 聯絡我，萬分感謝。,"[{""start"": 36, ""end"": 48, ""label"": ""private_phone"", ""text"": ""0939-987-654"", ""expected_model_label"": ""private_phone""}]",False,58,1,private_phone,09xx 手機、各區碼市話、0800,/data/tw-PII-bench/data/short.parquet,58,台鐵失物招領處您好，我昨天在自強號上掉了一個黑色錢包，如果有人撿到請打 [private_phone] 聯絡我，萬分感謝。,"[{""label"": ""private_phone"", ""start"": 36, ""end"": 48, ""text"": ""0939-987-654"", ""score"": 0.9}]"
a_private_phone_019,short,A,private_phone,,填寫這份問卷就有機會抽中最新款手機喔！請留下您的真實姓名黃小玲與聯絡電話 0981-111-222 以利中獎通知。,"[{""start"": 28, ""end"": 31, ""label"": ""private_person"", ""text"": ""黃小玲"", ""expected_model_label"": ""private_person""}, {""start"": 37, ""end"": 49, ""label"": ""private_phone"", ""text"": ""0981-111-222"", ""expected_model_label"": ""private_phone""}]",False,57,2,private_phone,09xx 手機、各區碼市話、0800,/data/tw-PII-bench/data/short.parquet,57,填寫這份問卷就有機會抽中最新款手機喔！請留下您的真實姓名黃小玲與聯絡電話 [private_phone] 以利中獎通知。,"[{""label"": ""private_phone"", ""start"": 37, ""end"": 49, ""text"": ""0981-111-222"", ""score"": 0.9}]"
a_private_phone_020,short,A,private_phone,,醫生你好，我們家狗狗今天拉肚子，我下午會帶牠過去看診，我的聯絡號碼是 07-7654321，請問需要先預約嗎？,"[{""start"": 35, ""end"": 45, ""label"": ""private_phone"", ""text"": ""07-7654321"", ""expected_model_label"": ""private_phone""}]",False,55,1,private_phone,09xx 手機、各區碼市話、0800,/data/tw-PII-bench/data/short.parquet,55,醫生你好，我們家狗狗今天拉肚子，我下午會帶牠過去看診，我的聯絡號碼是 [private_phone]，請問需要先預約嗎？,"[{""label"": ""private_phone"", ""start"": 35, ""end"": 45, ""text"": ""07-7654321"", ""score"": 0.82}]"
a_private_url_001,short,A,private_url,,我叫陳柏翰，應徵貴公司的行銷專員，這是我過去經營的部落格：https://brian880521.pixnet.net/blog，裡面有幾篇爆款文章的數據分析。,"[{""start"": 2, ""end"": 5, ""label"": ""private_person"", ""text"": ""陳柏翰"", ""expected_model_label"": ""private_person""}, {""start"": 29, ""end"": 64, ""label"": ""private_url"", ""text"": ""https://brian880521.pixnet.net/blog"", ""expected_model_label"": ""private_url""}]",False,80,2,private_url,.tw domain、Dcard、痞客邦、短連結,/data/tw-PII-bench/data/short.parquet,80,我叫陳柏翰，應徵貴公司的行銷專員，這是我過去經營的部落格：[private_url]，裡面有幾篇爆款文章的數據分析。,"[{""label"": ""private_url"", ""start"": 29, ""end"": 64, ""text"": ""https://brian880521.pixnet.net/blog"", ""score"": 0.85}]"
a_private_url_002,short,A,private_url,,客服您好，我剛剛退貨的單號是A202604279981，商品瑕疵的照片我已經上傳到雲端了，連結是 https://reurl.cc/M4kV8q，麻煩確認一下。,"[{""start"": 14, ""end"": 27, ""label"": ""account_number"", ""text"": ""A202604279981"", ""expected_model_label"": ""account_number""}, {""start"": 49, ""end"": 72, ""label"": ""private_url"", ""text"": ""https://reurl.cc/M4kV8q"", ""expected_model_label"": ""private_url""}]",False,80,2,private_url,.tw domain、Dcard、痞客邦、短連結,/data/tw-PII-bench/data/short.parquet,80,客服您好，我剛剛退貨的單號是A202604279981，商品瑕疵的照片我已經上傳到雲端了，連結是 https://reurl.cc/M4kV8q，麻煩確認一下。,[]
a_private_url_003,short,A,private_url,,廠商您好，我是全職接案的KOL林語晴，我的IG帳號連結是 https://www.instagram.com/yuching_daily_tw/，如果有保養品合作機會歡迎聯繫我的信箱。,"[{""start"": 15, ""end"": 18, ""label"": ""private_person"", ""text"": ""林語晴"", ""expected_model_label"": ""private_person""}, {""start"": 29, ""end"": 72, ""label"": ""private_url"", ""text"": ""https://www.instagram.com/yuching_daily_tw/"", ""expected_model_label"": ""private_url""}]",False,92,2,private_url,.tw domain、Dcard、痞客邦、短連結,/data/tw-PII-bench/data/short.parquet,92,廠商您好，我是全職接案的KOL林語晴，我的IG帳號連結是 [private_url]，如果有保養品合作機會歡迎聯繫我的信箱。,"[{""label"": ""private_url"", ""start"": 29, ""end"": 72, ""text"": ""https://www.instagram.com/yuching_daily_tw/"", ""score"": 0.85}]"
a_private_url_004,short,A,private_url,,房東太太好，我對您在591上刊登的新北市永和區中正路200巷5號3樓的套房很有興趣，這是我個人的臉書 https://www.facebook.com/profile.php?id=100045612398765，我沒有養寵物也不抽菸。,"[{""start"": 17, ""end"": 34, ""label"": ""private_address"", ""text"": ""新北市永和區中正路200巷5號3樓"", ""expected_model_label"": ""private_address""}, {""start"": 51, ""end"": 106, ""label"": ""private_url"", ""text"": ""https://www.facebook.com/profile.php?id=100045612398765"", ""expected_model_label"": ""private_url""}]",False,118,2,private_url,.tw domain、Dcard、痞客邦、短連結,/data/tw-PII-bench/data/short.parquet,118,房東太太好，我對您在591上刊登[private_address]的套房很有興趣，這是我個人的臉書 [private_url]，我沒有養寵物也不抽菸。,"[{""label"": ""private_address"", ""start"": 16, ""end"": 34, ""text"": ""的新北市永和區中正路200巷5號3樓"", ""score"": 0.86}, {""label"": ""private_url"", ""start"": 51, ""end"": 106, ""text"": ""https://www.facebook.com/profile.php?id=100045612398765"", ""score"": 0.85}]"
a_private_url_005,short,A,private_url,,理賠專員您好，關於我的車禍醫療收據，診所開的電子收據我放在這個短網址 https://bit.ly/4aB7zX9，有需要正本我再寄過去。,"[{""start"": 35, ""end"": 57, ""label"": ""private_url"", ""text"": ""https://bit.ly/4aB7zX9"", ""expected_model_label"": ""private_url""}]",False,69,1,private_url,.tw domain、Dcard、痞客邦、短連結,/data/tw-PII-bench/data/short.parquet,69,理賠專員您好，關於我的車禍醫療收據，診所開的電子收據我放在這個短網址 https://bit.ly/4aB7zX9，有需要正本我再寄過去。,[]
a_private_url_006,short,A,private_url,,你好，這是我接案用的個人網站：https://www.jay-design.idv.tw，裡面有包含UI/UX跟平面設計的作品集，報價單也在裡面可以參考。,"[{""start"": 15, ""end"": 44, ""label"": ""private_url"", ""text"": ""https://www.jay-design.idv.tw"", ""expected_model_label"": ""private_url""}]",False,77,1,private_url,.tw domain、Dcard、痞客邦、短連結,/data/tw-PII-bench/data/short.parquet,77,你好，這是我接案用的個人網站：[private_url]，裡面有包含UI/UX跟平面設計的作品集，報價單也在裡面可以參考。,"[{""label"": ""private_url"", ""start"": 15, ""end"": 44, ""text"": ""https://www.jay-design.idv.tw"", ""score"": 0.85}]"
a_private_url_007,short,A,private_url,,警察先生，我要報案，這個人在Dcard上發文詐騙，他的個人主頁是 https://www.dcard.tw/@scammer_12345，受害者不只我一個。,"[{""start"": 33, ""end"": 68, ""label"": ""private_url"", ""text"": ""https://www.dcard.tw/@scammer_12345"", ""expected_model_label"": ""private_url""}]",False,78,1,private_url,.tw domain、Dcard、痞客邦、短連結,/data/tw-PII-bench/data/short.parquet,78,警察先生，我要報案，這個人在Dcard上發文詐騙，他的個人主頁是 [private_url]，受害者不只我一個。,"[{""label"": ""private_url"", ""start"": 33, ""end"": 68, ""text"": ""https://www.dcard.tw/@scammer_12345"", ""score"": 0.85}]"
a_private_url_008,short,A,private_url,,老闆，我想要訂做客製化蛋糕，這是我朋友的IG https://www.instagram.com/weiwei_0905/，我想做一個跟她限動貼出的那一顆一模一樣的，請問這樣大概多少錢？,"[{""start"": 23, ""end"": 61, ""label"": ""private_url"", ""text"": ""https://www.instagram.com/weiwei_0905/"", ""expected_model_label"": ""private_url""}]",False,93,1,private_url,.tw domain、Dcard、痞客邦、短連結,/data/tw-PII-bench/data/short.parquet,93,老闆，我想要訂做客製化蛋糕，這是我朋友的IG [private_url]，我想做一個跟她限動貼出的那一顆一模一樣的，請問這樣大概多少錢？,"[{""label"": ""private_url"", ""start"": 23, ""end"": 61, ""text"": ""https://www.instagram.com/weiwei_0905/"", ""score"": 0.85}]"
a_private_url_009,short,A,private_url,,會計師您好，關於今年度申報的勞務報酬單，我把掃描檔整理在這個連結 https://pse.is/5xyz98，密碼是我的身分證末四碼加上生日。,"[{""start"": 33, ""end"": 54, ""label"": ""private_url"", ""text"": ""https://pse.is/5xyz98"", ""expected_model_label"": ""private_url""}]",False,71,1,private_url,.tw domain、Dcard、痞客邦、短連結,/data/tw-PII-bench/data/short.parquet,71,會計師您好，關於今年度申報的勞務報酬單，我把掃描檔整理在這個連結 https://pse.is/5xyz98，密碼[secret]。,"[{""label"": ""secret"", ""start"": 57, ""end"": 70, ""text"": ""是我的身分證末四碼加上生日"", ""score"": 0.86}]"
a_private_url_010,short,A,private_url,,你們餐廳的服務態度真的很差！我已經把今天受氣的過程寫在我的痞客邦了 https://angrycustomer.pixnet.net/blog/post/12345678，我一定會叫親友都不要去吃！,"[{""start"": 34, ""end"": 85, ""label"": ""private_url"", ""text"": ""https://angrycustomer.pixnet.net/blog/post/12345678"", ""expected_model_label"": ""private_url""}]",False,99,1,private_url,.tw domain、Dcard、痞客邦、短連結,/data/tw-PII-bench/data/short.parquet,99,你們餐廳的服務態度真的很差！我已經把今天受氣的過程寫在我的痞客邦了 [private_url]，我一定會叫親友都不要去吃！,"[{""label"": ""private_url"", ""start"": 34, ""end"": 85, ""text"": ""https://angrycustomer.pixnet.net/blog/post/12345678"", ""score"": 0.85}]"
a_private_url_011,short,A,private_url,,原PO拍拍，我之前也遇過類似的渣男，你可以看我之前發的這篇避雷文 https://www.dcard.tw/f/relationship/p/255123456，手法根本一模一樣。,"[{""start"": 33, ""end"": 80, ""label"": ""private_url"", ""text"": ""https://www.dcard.tw/f/relationship/p/255123456"", ""expected_model_label"": ""private_url""}]",False,90,1,private_url,.tw domain、Dcard、痞客邦、短連結,/data/tw-PII-bench/data/short.parquet,90,原PO拍拍，我之前也遇過類似的渣男，你可以看我之前發的這篇避雷文 [private_url]，手法根本一模一樣。,"[{""label"": ""private_url"", ""start"": 33, ""end"": 80, ""text"": ""https://www.dcard.tw/f/relationship/p/255123456"", ""score"": 0.85}]"
a_private_url_012,short,A,private_url,,工程師您好，我們公司的系統從今天早上九點開始就一直跳出錯誤代碼500，錯誤畫面的截圖我傳到 https://supr.link/a1b2C，請幫忙盡快排除。,"[{""start"": 14, ""end"": 20, ""label"": ""private_date"", ""text"": ""今天早上九點"", ""expected_model_label"": ""private_date""}, {""start"": 46, ""end"": 69, ""label"": ""private_url"", ""text"": ""https://supr.link/a1b2C"", ""expected_model_label"": ""private_url""}]",False,78,2,private_url,.tw domain、Dcard、痞客邦、短連結,/data/tw-PII-bench/data/short.parquet,78,工程師您好，我們公司的系統從今天早上九點開始就一直跳出錯誤代碼500，錯誤畫面的截圖我傳到 https://supr.link/a1b2C，請幫忙盡快排除。,[]
a_private_url_013,short,A,private_url,,面試官您好，我是應徵前端工程師的李岳庭，這是我用React自己寫的線上履歷 https://yuting-lee.com.tw，原始碼也有附在裡面。,"[{""start"": 16, ""end"": 19, ""label"": ""private_person"", ""text"": ""李岳庭"", ""expected_model_label"": ""private_person""}, {""start"": 38, ""end"": 63, ""label"": ""private_url"", ""text"": ""https://yuting-lee.com.tw"", ""expected_model_label"": ""private_url""}]",False,74,2,private_url,.tw domain、Dcard、痞客邦、短連結,/data/tw-PII-bench/data/short.parquet,74,面試官您好，我是應徵前端工程師的[private_person]，這是我用React自己寫的線上履歷 [private_url]，原始碼也有附在裡面。,"[{""label"": ""private_person"", ""start"": 16, ""end"": 19, ""text"": ""李岳庭"", ""score"": 0.9}, {""label"": ""private_url"", ""start"": 38, ""end"": 63, ""text"": ""https://yuting-lee.com.tw"", ""score"": 0.85}]"
a_private_url_014,short,A,private_url,,您好，我要報名週末的二手市集攤位，這是我的個人粉絲專頁 https://www.facebook.com/vintage.goods.tw/，平常主要販售古著跟二手底片相機。,"[{""start"": 28, ""end"": 70, ""label"": ""private_url"", ""text"": ""https://www.facebook.com/vintage.goods.tw/"", ""expected_model_label"": ""private_url""}]",False,87,1,private_url,.tw domain、Dcard、痞客邦、短連結,/data/tw-PII-bench/data/short.parquet,87,您好，我要報名週末的二手市集攤位，這是我的個人粉絲專頁 [private_url]，平常主要販售古著跟二手底片相機。,"[{""label"": ""private_url"", ""start"": 28, ""end"": 70, ""text"": ""https://www.facebook.com/vintage.goods.tw/"", ""score"": 0.85}]"
a_private_url_015,short,A,private_url,,您好，我是車牌ABC-8899的車主，昨天下午在國道被追撞的行車紀錄器影片我已經上傳雲端，連結是 https://reurl.cc/A4jV2x，請保險公司確認肇事責任。,"[{""start"": 7, ""end"": 15, ""label"": ""tw_license_plate"", ""text"": ""ABC-8899"", ""expected_model_label"": """"}, {""start"": 19, ""end"": 23, ""label"": ""private_date"", ""text"": ""昨天下午"", ""expected_model_label"": ""private_date""}, {""start"": 49, ""end"": 72, ""label"": ""private_url"", ""text"": ""https://reurl.cc/A4jV2x"", ""expected_model_label"": ""private_url""}]",False,85,3,private_url,.tw domain、Dcard、痞客邦、短連結,/data/tw-PII-bench/data/short.parquet,85,您好，我是車牌ABC-8899的[private_person]，昨天下午在國道被追撞的行車紀錄器影片我已經上傳雲端，連結是 https://reurl.cc/A4jV2x，請保險公司確認肇事責任。,"[{""label"": ""private_person"", ""start"": 16, ""end"": 18, ""text"": ""車主"", ""score"": 0.9}]"
a_private_url_016,short,A,private_url,,紅娘你好，我是編號M9921的會員，想請你幫我安排跟上次那位女生見面，這是我平常生活照的IG https://www.instagram.com/kai_fitness_diary/，可以先傳給她看。,"[{""start"": 9, ""end"": 14, ""label"": ""account_number"", ""text"": ""M9921"", ""expected_model_label"": ""account_number""}, {""start"": 47, ""end"": 91, ""label"": ""private_url"", ""text"": ""https://www.instagram.com/kai_fitness_diary/"", ""expected_model_label"": ""private_url""}]",False,100,2,private_url,.tw domain、Dcard、痞客邦、短連結,/data/tw-PII-bench/data/short.parquet,100,紅娘你好，我是編號M9921的[private_person]，想請你幫我安排跟上次那位女生見面，這是我平常生活照的IG [private_url]，可以先傳給她看。,"[{""label"": ""private_person"", ""start"": 15, ""end"": 17, ""text"": ""會員"", ""score"": 0.9}, {""label"": ""private_url"", ""start"": 47, ""end"": 91, ""text"": ""https://www.instagram.com/kai_fitness_diary/"", ""score"": 0.85}]"
a_private_url_017,short,A,private_url,,我在你們官網買的洋裝根本跟照片不一樣，色差超嚴重！我拍了對比圖放在 https://bit.ly/3JkL9mN，如果不能全額退款我一定會去消基會檢舉。,"[{""start"": 34, ""end"": 56, ""label"": ""private_url"", ""text"": ""https://bit.ly/3JkL9mN"", ""expected_model_label"": ""private_url""}]",False,76,1,private_url,.tw domain、Dcard、痞客邦、短連結,/data/tw-PII-bench/data/short.parquet,76,我在你們官網買的洋裝根本跟照片不一樣，色差超嚴重！我拍了對比圖放在 https://bit.ly/3JkL9mN，如果不能全額退款我一定會去消基會檢舉。,[]
a_private_url_018,short,A,private_url,,新人您好，恭喜兩位！我是婚攝張大智，我的完整婚禮紀錄作品集可以參考我的個人網站 https://www.da-zhi-studio.tw，如果有喜歡這個風格我們再約時間詳談。,"[{""start"": 14, ""end"": 17, ""label"": ""private_person"", ""text"": ""張大智"", ""expected_model_label"": ""private_person""}, {""start"": 40, ""end"": 68, ""label"": ""private_url"", ""text"": ""https://www.da-zhi-studio.tw"", ""expected_model_label"": ""private_url""}]",False,87,2,private_url,.tw domain、Dcard、痞客邦、短連結,/data/tw-PII-bench/data/short.parquet,87,新人您好，恭喜兩位！我是婚攝張大智，我的完整婚禮紀錄作品集可以參考我的個人網站 [private_url]，如果有喜歡這個風格我們再約時間詳談。,"[{""label"": ""private_url"", ""start"": 40, ""end"": 68, ""text"": ""https://www.da-zhi-studio.tw"", ""score"": 0.85}]"
a_private_url_019,short,A,private_url,,專員您好，因為信箱附檔容量限制，我把近半年的薪轉存摺封面和內頁明細打包成ZIP檔，下載連結是 https://pse.is/4gH5jK，解壓縮密碼是我的身分證字號。,"[{""start"": 47, ""end"": 68, ""label"": ""private_url"", ""text"": ""https://pse.is/4gH5jK"", ""expected_model_label"": ""private_url""}]",False,83,1,private_url,.tw domain、Dcard、痞客邦、短連結,/data/tw-PII-bench/data/short.parquet,83,專員您好，因為信箱附檔容量限制，我把近半年的薪轉存摺封面和內頁明細打包成ZIP檔，下載連結是 https://pse.is/4gH5jK，解壓縮密碼[secret]。,"[{""label"": ""secret"", ""start"": 74, ""end"": 82, ""text"": ""是我的身分證字號"", ""score"": 0.86}]"
a_private_url_020,short,A,private_url,,小編你好，我中了這次中秋節抽獎的二獎，這是我的得獎帳號連結 https://www.facebook.com/profile.php?id=100065432112345，請問獎品是會直接寄到我的收件地址嗎？,"[{""start"": 30, ""end"": 85, ""label"": ""private_url"", ""text"": ""https://www.facebook.com/profile.php?id=100065432112345"", ""expected_model_label"": ""private_url""}]",False,104,1,private_url,.tw domain、Dcard、痞客邦、短連結,/data/tw-PII-bench/data/short.parquet,104,小編你好，我中了這次中秋節抽獎的二獎，這是我的得獎帳號連結 [private_url]，請問獎品是會直接寄到我的收件地址嗎？,"[{""label"": ""private_url"", ""start"": 30, ""end"": 85, ""text"": ""https://www.facebook.com/profile.php?id=100065432112345"", ""score"": 0.85}]"
a_secret_001,short,A,secret,,媽，我剛用你的卡刷了高鐵票，卡號是4521888899990000，背面末三碼是854，你等下收一下簡訊OTP。,"[{""start"": 17, ""end"": 33, ""label"": ""account_number"", ""text"": ""4521888899990000"", ""expected_model_label"": ""account_number""}, {""start"": 40, ""end"": 43, ""label"": ""secret"", ""text"": ""854"", ""expected_model_label"": ""secret""}]",False,56,2,secret,密碼、API key、JWT、OTP、CVV,/data/tw-PII-bench/data/short.parquet,56,媽，我剛用你的卡刷了高鐵票，卡號是[account_number]，背面末三碼是854，你等下收一下簡訊OTP。,"[{""label"": ""account_number"", ""start"": 17, ""end"": 33, ""text"": ""4521888899990000"", ""score"": 0.88}]"
a_secret_002,short,A,secret,,您好，您剛剛申請的網銀轉帳驗證碼為739215，請於三分鐘內輸入，請勿將此密碼告知他人喔。,"[{""start"": 17, ""end"": 23, ""label"": ""secret"", ""text"": ""739215"", ""expected_model_label"": ""secret""}]",False,45,1,secret,密碼、API key、JWT、OTP、CVV,/data/tw-PII-bench/data/short.parquet,45,您好，您剛剛申請的網銀轉帳驗證碼為739215，請於三分鐘內輸入，請勿將此密碼[secret]。,"[{""label"": ""secret"", ""start"": 39, ""end"": 44, ""text"": ""告知他人喔"", ""score"": 0.86}]"
a_secret_003,short,A,secret,,欸陳大文，我們家Netflix的密碼改了喔，新密碼是netflix_tw2024，你不要再隨便把帳號給別人了。,"[{""start"": 1, ""end"": 4, ""label"": ""private_person"", ""text"": ""陳大文"", ""expected_model_label"": ""private_person""}, {""start"": 26, ""end"": 40, ""label"": ""secret"", ""text"": ""netflix_tw2024"", ""expected_model_label"": ""secret""}]",False,55,2,secret,密碼、API key、JWT、OTP、CVV,/data/tw-PII-bench/data/short.parquet,55,欸陳大文，我們家Netflix的密碼改了喔，新密碼[secret]，你不要再隨便把帳號給別人了。,"[{""label"": ""secret"", ""start"": 25, ""end"": 40, ""text"": ""是netflix_tw2024"", ""score"": 0.86}]"
a_secret_004,short,A,secret,,綠界金流測試環境的 HashKey 我先放在這裡：5294y06JbISpM5x9，你今天下班前先拿去把 API 串好。,"[{""start"": 25, ""end"": 41, ""label"": ""secret"", ""text"": ""5294y06JbISpM5x9"", ""expected_model_label"": ""secret""}]",False,60,1,secret,密碼、API key、JWT、OTP、CVV,/data/tw-PII-bench/data/short.parquet,60,綠界金流測試環境的 HashKey 我先放在這裡：5294y06JbISpM5x9，你今天下班前先拿去把 API 串好。,[]
a_secret_005,short,A,secret,,客服你好，我用 Postman 測試時發現這串 JWT token eyJhbGciOiJIUzI1NiIsInR5cCI6IkpXVCJ9 居然可以直接拿到管理員權限，請盡快修復。,"[{""start"": 34, ""end"": 70, ""label"": ""secret"", ""text"": ""eyJhbGciOiJIUzI1NiIsInR5cCI6IkpXVCJ9"", ""expected_model_label"": ""secret""}]",False,91,1,secret,密碼、API key、JWT、OTP、CVV,/data/tw-PII-bench/data/short.parquet,91,客服你好，我用 Postman 測試時發現這串 JWT token eyJhbGciOiJIUzI1NiIsInR5cCI6IkpXVCJ9 居然可以直接拿到管理員權限，請盡快修復。,[]
a_secret_006,short,A,secret,,我怕忘記，所以把冷錢包的助記詞寫在這：abandon ability able about above absent absorb abstract absurd abuse access accident，這樣應該夠安全了吧？,"[{""start"": 19, ""end"": 103, ""label"": ""secret"", ""text"": ""abandon ability able about above absent absorb abstract absurd abuse access accident"", ""expected_model_label"": ""secret""}]",False,114,1,secret,密碼、API key、JWT、OTP、CVV,/data/tw-PII-bench/data/short.parquet,114,我怕忘記，所以把冷錢包的助記詞寫在這：abandon ability able about above absent absorb abstract absurd abuse access accident，這樣應該夠安全了吧？,[]
a_secret_007,short,A,secret,,AWS EC2 的私鑰片段是 -----BEGIN RSA PRIVATE KEY----- MIIEowIBAAKCAQEA，剩下的我用 LINE 傳給你，你自己組起來連進去看看。,"[{""start"": 15, ""end"": 63, ""label"": ""secret"", ""text"": ""-----BEGIN RSA PRIVATE KEY----- MIIEowIBAAKCAQEA"", ""expected_model_label"": ""secret""}]",False,91,1,secret,密碼、API key、JWT、OTP、CVV,/data/tw-PII-bench/data/short.parquet,91,AWS EC2 的私鑰片段是 -----BEGIN RSA PRIVATE KEY----- MIIEowIBAAKCAQEA，剩下的我用 LINE 傳給你，你自己組起來連進去看看。,[]
a_secret_008,short,A,secret,,林房東你好，請問 302 號房的 Wi-Fi 密碼是0912345678嗎？我用手機一直連不上，再麻煩確認一下。,"[{""start"": 0, ""end"": 3, ""label"": ""private_person"", ""text"": ""林房東"", ""expected_model_label"": ""private_person""}, {""start"": 26, ""end"": 36, ""label"": ""secret"", ""text"": ""0912345678"", ""expected_model_label"": ""secret""}]",False,56,2,secret,密碼、API key、JWT、OTP、CVV,/data/tw-PII-bench/data/short.parquet,56,林房東你好，請問 302 號房的 Wi-Fi 密碼[secret]，再麻煩確認一下。,"[{""label"": ""secret"", ""start"": 25, ""end"": 47, ""text"": ""是0912345678嗎？我用手機一直連不上"", ""score"": 0.86}]"
a_secret_009,short,A,secret,,我剛好在加班，蝦皮智取店的取貨驗證碼是883192，你下班經過如果看到麻煩順便幫我拿一下包裹。,"[{""start"": 19, ""end"": 25, ""label"": ""secret"", ""text"": ""883192"", ""expected_model_label"": ""secret""}]",False,47,1,secret,密碼、API key、JWT、OTP、CVV,/data/tw-PII-bench/data/short.parquet,47,我剛好在加班，蝦皮智取店的取貨驗證碼是883192，你下班經過如果看到麻煩順便幫我拿一下包裹。,[]
a_secret_010,short,A,secret,,好的，那電話授權的部分，我的信用卡號是4311952288880000，背面的授權碼是123，效期到明年八月。,"[{""start"": 19, ""end"": 35, ""label"": ""account_number"", ""text"": ""4311952288880000"", ""expected_model_label"": ""account_number""}, {""start"": 43, ""end"": 46, ""label"": ""secret"", ""text"": ""123"", ""expected_model_label"": ""secret""}]",False,55,2,secret,密碼、API key、JWT、OTP、CVV,/data/tw-PII-bench/data/short.parquet,55,好的，那電話授權的部分，我的信用卡號是[account_number]，背面的授權碼是123，效期到明年八月。,"[{""label"": ""account_number"", ""start"": 19, ""end"": 35, ""text"": ""4311952288880000"", ""score"": 0.88}]"
a_secret_011,short,A,secret,,你好，我是 IT 部門的張經理，新進員工的預設開機密碼統一都是 P@ssw0rd123，登入後請記得立刻修改。,"[{""start"": 12, ""end"": 15, ""label"": ""private_person"", ""text"": ""張經理"", ""expected_model_label"": ""private_person""}, {""start"": 32, ""end"": 43, ""label"": ""secret"", ""text"": ""P@ssw0rd123"", ""expected_model_label"": ""secret""}]",False,55,2,secret,密碼、API key、JWT、OTP、CVV,/data/tw-PII-bench/data/short.parquet,55,你好，我是 IT 部門的[private_person]，新進員工的預設開機密碼[secret] P@ssw0rd123，登入後請記得立刻修改。,"[{""label"": ""private_person"", ""start"": 12, ""end"": 15, ""text"": ""張經理"", ""score"": 0.9}, {""label"": ""secret"", ""start"": 27, ""end"": 31, ""text"": ""統一都是"", ""score"": 0.86}]"
a_secret_012,short,A,secret,,幫我把專案裡 OpenAI 的 API key 換成這組 sk-proj-1234567890abcdefGHIJKL，原本那組的免費額度好像快被刷爆了。,"[{""start"": 29, ""end"": 59, ""label"": ""secret"", ""text"": ""sk-proj-1234567890abcdefGHIJKL"", ""expected_model_label"": ""secret""}]",False,77,1,secret,密碼、API key、JWT、OTP、CVV,/data/tw-PII-bench/data/short.parquet,77,幫我把專案裡 OpenAI 的 API key 換成這組 [secret]，原本那組的免費額度好像快被刷爆了。,"[{""label"": ""secret"", ""start"": 29, ""end"": 59, ""text"": ""sk-proj-1234567890abcdefGHIJKL"", ""score"": 0.9}]"
a_secret_013,short,A,secret,,健保快易通的登入驗證碼我剛收到了，是 594288，你幫我登進去看一下我上週去台大醫院抽血的報告出來了沒。,"[{""start"": 19, ""end"": 25, ""label"": ""secret"", ""text"": ""594288"", ""expected_model_label"": ""secret""}]",False,53,1,secret,密碼、API key、JWT、OTP、CVV,/data/tw-PII-bench/data/short.parquet,53,健保快易通的登入驗證碼我剛收到了，是 594288，你幫我登進去看一下我上週去台大醫院抽血的報告出來了沒。,[]
a_secret_014,short,A,secret,,測試機資料庫的 root 密碼我暫時先設成 db_admin5566，請大家千萬不要不小心把設定檔推上 GitHub 喔。,"[{""start"": 22, ""end"": 34, ""label"": ""secret"", ""text"": ""db_admin5566"", ""expected_model_label"": ""secret""}]",False,61,1,secret,密碼、API key、JWT、OTP、CVV,/data/tw-PII-bench/data/short.parquet,61,測試機資料庫的 root 密碼[secret] db_admin5566，請大家千萬不要不小心把設定檔推上 GitHub 喔。,"[{""label"": ""secret"", ""start"": 15, ""end"": 21, ""text"": ""我暫時先設成"", ""score"": 0.86}]"
a_secret_015,short,A,secret,,綜所稅申報系統的手機認證碼是 857211，有效期間只有五分鐘，你趕快輸入進去不然又要重新寄一次。,"[{""start"": 15, ""end"": 21, ""label"": ""secret"", ""text"": ""857211"", ""expected_model_label"": ""secret""}]",False,49,1,secret,密碼、API key、JWT、OTP、CVV,/data/tw-PII-bench/data/short.parquet,49,綜所稅申報系統的手機認證碼是 857211，有效期間只有五分鐘，你趕快輸入進去不然又要重新寄一次。,[]
a_secret_016,short,A,secret,,兄弟，我的傳說對決帳號密碼是 lovegame999，我這週末要去教召，你幫我登進去解一下每日任務。,"[{""start"": 15, ""end"": 26, ""label"": ""secret"", ""text"": ""lovegame999"", ""expected_model_label"": ""secret""}]",False,50,1,secret,密碼、API key、JWT、OTP、CVV,/data/tw-PII-bench/data/short.parquet,50,兄弟，我的傳說對決帳號密碼是 lovegame999，我這週末要去教召，你幫我登進去解一下每日任務。,[]
a_secret_017,short,A,secret,,客服您好，我在貴站買的吹風機要辦理退刷，當初填的信用卡卡號是5432000012345678，末三碼是999。,"[{""start"": 30, ""end"": 46, ""label"": ""account_number"", ""text"": ""5432000012345678"", ""expected_model_label"": ""account_number""}, {""start"": 51, ""end"": 54, ""label"": ""secret"", ""text"": ""999"", ""expected_model_label"": ""secret""}]",False,55,2,secret,密碼、API key、JWT、OTP、CVV,/data/tw-PII-bench/data/short.parquet,55,客服您好，我在貴站買的吹風機要辦理退刷，當初填的信用卡卡號是[account_number]，末三碼是999。,"[{""label"": ""account_number"", ""start"": 30, ""end"": 46, ""text"": ""5432000012345678"", ""score"": 0.88}]"
a_secret_018,short,A,secret,,我剛離開健身房才發現水壺忘在裡面，置物櫃的密碼鎖我設定成 5013，如果你還在的話可以幫我拿一下嗎？,"[{""start"": 29, ""end"": 33, ""label"": ""secret"", ""text"": ""5013"", ""expected_model_label"": ""secret""}]",False,50,1,secret,密碼、API key、JWT、OTP、CVV,/data/tw-PII-bench/data/short.parquet,50,我剛離開健身房才發現水壺忘在裡面，置物櫃的密碼[secret] 5013，如果你還在的話可以幫我拿一下嗎？,"[{""label"": ""secret"", ""start"": 23, ""end"": 28, ""text"": ""鎖我設定成"", ""score"": 0.86}]"
a_secret_019,short,A,secret,,我的手機摔壞了，還好之前有把 Google Authenticator 的備用還原碼存下來，像是 83940122，這樣我才能登入信箱。,"[{""start"": 49, ""end"": 57, ""label"": ""secret"", ""text"": ""83940122"", ""expected_model_label"": ""secret""}]",False,68,1,secret,密碼、API key、JWT、OTP、CVV,/data/tw-PII-bench/data/short.parquet,68,我的手機摔壞了，還好之前有把 Google Authenticator 的備用還原碼存下來，像是 83940122，這樣我才能登入信箱。,[]
a_secret_020,short,A,secret,,剛剛中華電信傳了市話線上繳費的簡訊動態密碼 39281 到我的手機，你用這個密碼登入去幫我把這期帳單繳掉。,"[{""start"": 22, ""end"": 27, ""label"": ""secret"", ""text"": ""39281"", ""expected_model_label"": ""secret""}]",False,53,1,secret,密碼、API key、JWT、OTP、CVV,/data/tw-PII-bench/data/short.parquet,53,剛剛中華電信傳了市話線上繳費的簡訊動態密碼 [secret] 到我的手機，你用這個密碼[secret]。,"[{""label"": ""secret"", ""start"": 22, ""end"": 27, ""text"": ""39281"", ""score"": 0.86}, {""label"": ""secret"", ""start"": 40, ""end"": 52, ""text"": ""登入去幫我把這期帳單繳掉"", ""score"": 0.86}]"
